url,old_title,new_title,old_description,new_description
/supplements/alpha-lipoic-acid,Alpha-Lipoic Acid: The Universal Antioxidant With a Nuanced Longevity Profile,Alpha-Lipoic Acid,Alpha-lipoic acid works in both fat and water — making it uniquely versatile among antioxidants. Strong evidence for metabolic health and neuroprotection. But the longevity picture is more complex than supplement labels suggest.,Alpha-lipoic acid works in both fat and water — making it uniquely versatile among antioxidants. Strong evidence for metabolic health and neuroprotection
/supplements/berberine-vs-metformin,Berberine vs Metformin: Nature's Metformin or Overhyped Supplement?,Berberine vs Metformin,Berberine has been called 'nature's metformin' — an OTC compound with similar AMPK-activating mechanisms. The comparison is legitimate but the nuances matter. Here's the full head-to-head.,Berberine has been called 'nature's metformin' — an OTC compound with similar AMPK-activating mechanisms
/supplements/best-ashwagandha-supplements,Best Ashwagandha Supplements: KSM-66 vs Sensoril vs Standard Root,Best Ashwagandha Supplements,"Ashwagandha is one of the few adaptogens with solid RCT data — for cortisol, anxiety, testosterone, and sleep. Here's what the research shows and which form to buy.","Ashwagandha is one of the few adaptogens with solid RCT data — for cortisol, anxiety, testosterone, and sleep"
/supplements/best-berberine-supplements,Best Berberine Supplements: The Natural Metformin Alternative,Best Berberine Supplements,"Berberine activates AMPK, lowers blood sugar as effectively as metformin, and has compelling anti-ageing data. We rank the best supplements and explain the science.","Berberine activates AMPK, lowers blood sugar as effectively as metformin, and has compelling anti-ageing data"
/supplements/best-coq10-ubiquinol,Best CoQ10 Supplements: Ubiquinol vs Ubiquinone — Which Form Works?,Best CoQ10 Supplements,"CoQ10 is essential for mitochondrial energy production and declines with age. If you take a statin, you need it. Here's the evidence and which form actually absorbs.","CoQ10 is essential for mitochondrial energy production and declines with age. If you take a statin, you need it"
/supplements/best-nmn-supplements-2024,"NMN Supplements in 2026: Evidence, Labels & Buyer Checklist","NMN Supplements in: Evidence, Labels & Buyer Checklist","A source-led NMN guide covering human trial results, US regulatory uncertainty, label and COA checks, and why this page does not name an unverified best product.","A source-led NMN guide covering human trial results, US regulatory uncertainty, label and COA checks"
/supplements/best-omega-3-fish-oil,Best Omega-3 Fish Oil 2026: Ranked by Purity & Potency,Best Omega-3 Fish Oil: Ranked by Purity & Potency,"Best omega-3 fish oil for longevity: IFOS purity, EPA+DHA dose, triglyceride form, and how to pick Carlson, Nordic Naturals, or alternatives without rancid oil.","Best omega-3 fish oil for longevity: IFOS purity, EPA+DHA dose, triglyceride form, and how to pick Carlson, Nordic Naturals"
/supplements/best-rapamycin-guide,Rapamycin for Longevity: The Most Promising (and Controversial) Anti-Aging Drug,Rapamycin for Longevity,"Rapamycin extends lifespan in every organism tested — including middle-aged mice by 25%. Here's what we know, what we don't, and what physicians are actually doing.","Rapamycin extends lifespan in every organism tested — including middle-aged mice by 25%. Here's what we know, what we don't"
/supplements/best-resveratrol-pterostilbene,Resveratrol vs Pterostilbene: Which Sirtuin Activator Is Worth Taking?,Resveratrol vs Pterostilbene,Resveratrol put longevity supplements on the map. Pterostilbene is its more bioavailable cousin. Here's what the science actually shows — and which one to take.,Resveratrol put longevity supplements on the map. Pterostilbene is its more bioavailable cousin. Here's what the science actually shows
/supplements/best-taurine-supplements,Taurine: The 2023 Nature Study That Changed Everything,Taurine: The Nature Study That Changed Everything,A 2023 Nature paper found taurine deficiency drives ageing across species — and supplementation extended lifespan in mice by 12%. Here's what it means and whether you should supplement.,A 2023 Nature paper found taurine deficiency drives ageing across species — and supplementation extended lifespan in mice by 12%
/supplements/collagen-supplements,"Collagen Supplements: What the Science Says About Joints, Skin, and Longevity",Collagen Supplements,Collagen is the most abundant protein in the body. Supplementation has genuine evidence for joint pain and skin elasticity — but the mechanism is counterintuitive. Here's what actually works and what doesn't.,Collagen is the most abundant protein in the body. Supplementation has genuine evidence for joint pain and skin elasticity
/supplements/curcumin-longevity-guide,"Curcumin for Longevity: Strong Anti-Inflammatory Evidence, But Bioavailability Is Everything",Curcumin for Longevity,"A meta-analysis of nearly 6,000 participants shows curcumin meaningfully lowers CRP, IL-6, and TNF-α. But standard turmeric supplements barely absorb — here's which formulations actually work and why the delivery system matters more than the dose.","A meta-analysis of nearly 6,000 participants shows curcumin meaningfully lowers CRP, IL-6, and TNF-α. But standard turmeric supplements barely absorb"
/supplements/gut-health-longevity,Gut Health and Longevity: The Microbiome Connection Beyond Probiotics,Gut Health and Longevity,"The gut microbiome isn't just about digestion — it regulates immunity, inflammation, brain function, and biological ageing. This is the deep dive into what the evidence shows and how to build a longevity-supporting gut.","The gut microbiome isn't just about digestion — it regulates immunity, inflammation, brain function, and biological ageing"
/supplements/lions-mane-mushroom,Lion's Mane Mushroom: The NGF-Boosting Fungus With Real Clinical Data,Lion's Mane Mushroom,"Lion's mane is the only natural compound known to stimulate nerve growth factor synthesis in the brain. Here's the full science, optimal dosing, and what to look for in a supplement.","Lion's mane is the only natural compound known to stimulate nerve growth factor synthesis in the brain. Here's the full science, optimal dosing"
/supplements/lithium-orotate-ndga-2026,Lithium Orotate & NDGA: The Two Compounds Bryan Johnson Added to Blueprint in 2026,Lithium Orotate & NDGA,Bryan Johnson dropped rapamycin and added microdose lithium orotate plus NDGA to his Blueprint stack in 2026. Here's what the evidence actually says about both — and why one is backed by mouse data and the other by drinking-water epidemiology.,Bryan Johnson dropped rapamycin and added microdose lithium orotate plus NDGA to his Blueprint stack in 2026
/supplements/metformin-longevity-guide,"Metformin for Longevity: The TAME Trial, the Evidence, and What Doctors Actually Think",Metformin for Longevity,Metformin is the world's most prescribed diabetes drug — and potentially the first drug to be formally tested as a longevity intervention. Here's the honest evidence and the ongoing debate.,Metformin is the world's most prescribed diabetes drug — and potentially the first drug to be formally tested as a longevity intervention
/supplements/nad-boosters-complete-guide,"NAD+ Boosters: NMN, NR, Niacin — The Complete Guide to Raising NAD+",NAD+ Boosters,"NAD+ declines 50% between age 20 and 60. Every longevity pathway — sirtuins, PARP, mitochondrial function — depends on it. Here's the science of raising NAD+ and which approach actually works.","NAD+ declines 50% between age 20 and 60. Every longevity pathway — sirtuins, PARP, mitochondrial function — depends on it"
/supplements/peptides-longevity-guide,"Peptides for Longevity: BPC-157, TB-500, Epithalon, and What the Evidence Shows",Peptides for Longevity,"Peptide therapy is the frontier of longevity medicine — used extensively in elite sports medicine and anti-aging clinics. Here's an honest guide to the evidence, risks, and regulatory status.",Peptide therapy is the frontier of longevity medicine — used extensively in elite sports medicine and anti-aging clinics
/supplements/quercetin-fisetin-senolytics,Quercetin and Fisetin: The Senolytic Supplements That Clear Zombie Cells,Quercetin and Fisetin,Senescent cells — 'zombie cells' that refuse to die — drive ageing and age-related disease. Quercetin and fisetin are the most accessible senolytics available. Here's the evidence and the exact protocol.,Senescent cells — 'zombie cells' that refuse to die — drive ageing and age-related disease
/supplements/rapamycin-longevity-guide,"Rapamycin for Longevity: Human Evidence, Mouse Data & Risks","Rapamycin for Longevity: Human Evidence, Mouse Data & Risks","A source-led review of sirolimus and rapalogs: replicated mouse lifespan findings, limited human ageing studies, approved uses, safety warnings, and unresolved dosing questions.","A source-led review of sirolimus and rapalogs: replicated mouse lifespan findings, limited human ageing studies, approved uses, safety warnings"
/supplements/spermidine-longevity,Spermidine: The Autophagy-Boosting Compound With Surprising Longevity Data,Spermidine,Spermidine is one of the few compounds shown to extend lifespan in multiple organisms AND have human observational data. Here's what the science says.,Spermidine is one of the few compounds shown to extend lifespan in multiple organisms AND have human observational data. Here's what the science says.
/supplements/urolithin-a-mitopure-guide,Urolithin A (Mitopure): The Mitophagy Compound With Real Human Trial Data,Urolithin A (Mitopure),"Urolithin A is one of the few longevity compounds with multiple published human RCTs behind it — improved muscle strength, endurance, and immune cell function. Here's what four separate trials actually show, and what they don't.","Urolithin A is one of the few longevity compounds with multiple published human RCTs behind it — improved muscle strength, endurance"
/wearables/apple-watch-health-features,Apple Watch for Longevity: Health Features Ranked by Evidence,Apple Watch for Longevity,Apple Watch has 30+ health features. Most are marketing. These 7 are genuinely clinically meaningful — and two have FDA clearance. Here's what actually matters.,Apple Watch has 30+ health features. Most are marketing. These 7 are genuinely clinically meaningful — and two have FDA clearance
/wearables/best-continuous-glucose-monitors,Best CGMs for Non-Diabetics: Are They Worth It?,Best CGMs for Non-Diabetics: Are They Worth It?,Continuous glucose monitors have gone mainstream for longevity optimization. This page is a research summary from manufacturer information and published studies; we have not tested the devices ourselves.,Continuous glucose monitors have gone mainstream for longevity optimization
/wearables/dexcom-stelo-review,Dexcom Stelo Review: A CGM Designed for Non-Diabetics,Dexcom Stelo Review: A CGM Designed for Non-Diabetics,"The Dexcom Stelo is an FDA-cleared over-the-counter continuous glucose monitor for adults not using insulin. A research summary from manufacturer information and published studies on glucose, sleep, diet, and exercise; we have not tested it ourselves.",The Dexcom Stelo is an FDA-cleared over-the-counter continuous glucose monitor for adults not using insulin
/wearables/garmin-fenix-7-review,Garmin Fenix 7 Review: A GPS Watch With Longevity Metrics,Garmin Fenix 7 Review: A GPS Watch With Longevity Metrics,"The Garmin Fenix 7 is a GPS multisport watch with HRV Status, Body Battery, and VO2 max estimates. A research summary from Garmin's specifications and published validation studies; we have not tested it ourselves.","The Garmin Fenix 7 is a GPS multisport watch with HRV Status, Body Battery, and VO2 max estimates"
/wearables/garmin-vs-whoop-comparison,Garmin vs WHOOP: Which Training Wearable Is Right for Longevity?,Garmin vs WHOOP,Garmin and WHOOP take fundamentally different approaches to health tracking. Garmin is a GPS sports computer that also tracks health. WHOOP is a recovery platform that also tracks activity. Here's the head-to-head for longevity-focused users.,Garmin and WHOOP take fundamentally different approaches to health tracking. Garmin is a GPS sports computer that also tracks health
/wearables/oura-ring-gen3-review,Oura Ring Gen 3 Review: A Sleep Tracker for Longevity?,Oura Ring Gen 3 Review: A Sleep Tracker for Longevity?,"Oura Ring Gen 3 research summary: what published studies say about sleep staging, readiness scoring, temperature sensing, subscription cost, and how it compares with WHOOP.","Oura Ring Gen 3 research summary: what published studies say about sleep staging, readiness scoring, temperature sensing, subscription cost"
/wearables/whoop-4-review,"WHOOP 5 Review 2026: Features, Evidence & Limitations","WHOOP 5 Review: Features, Evidence & Limitations","A documentation-based WHOOP 5 and WHOOP MG review covering current plans, battery claims, ECG scope, recovery metrics, and what older validation studies can—and cannot—establish.","A documentation-based WHOOP 5 and WHOOP MG review covering current plans, battery claims, ECG scope, recovery metrics"
/recovery/best-home-saunas-infrared-2024,Best Infrared Home Saunas: Researched & Ranked,Best Infrared Home Saunas: Researched & Ranked,"Best home infrared saunas ranked for longevity: full-spectrum vs far-IR, EMF, build quality, and value. Sunlighten, Clearlight, and portable options compared.","Best home infrared saunas ranked for longevity: full-spectrum vs far-IR, EMF, build quality, and value. Sunlighten, Clearlight"
/recovery/best-massage-guns-percussive-therapy,Best Massage Guns: Theragun vs Hypervolt vs Budget Picks,Best Massage Guns: Theragun vs Hypervolt vs Budget Picks,"Percussive therapy devices have become standard recovery tools. This research summary compares manufacturer specifications for stall force, amplitude, noise, and battery life.","Percussive therapy devices have become standard recovery tools. This research summary compares manufacturer specifications for stall force, amplitude"
/recovery/clearlight-sanctuary-2-review,Clearlight Sanctuary 2 Review: Ultra-Low EMF Infrared Sauna,Clearlight Sanctuary 2 Review: Ultra-Low EMF Infrared Sauna,"The Clearlight Sanctuary 2 is the choice of EMF-sensitive buyers and physicians who want low electromagnetic field exposure combined with far-infrared therapy, according to the manufacturer.",The Clearlight Sanctuary 2 is the choice of EMF-sensitive buyers and physicians who want low electromagnetic field exposure combined with far-infrared
/recovery/cold-plunge-ice-bath-review,Best Cold Plunges of 2026: Researched for Recovery & Longevity,Best Cold Plunges of: Researched for Recovery & Longevity,"Best cold plunges and ice baths ranked for temperature, filtration, and value — from DIY chest freezers to The Plunge Pro and Morozko. Plus timing around training.","Best cold plunges and ice baths ranked for temperature, filtration, and value — from DIY chest freezers to The Plunge Pro and Morozko"
/recovery/compression-therapy-guide,"Compression Therapy for Recovery: Boots, Sleeves & Pneumatic Devices Reviewed",Compression Therapy for Recovery,"Compression therapy accelerates recovery, reduces DOMS, and improves circulation. We break down the evidence and rank the best devices.","Compression therapy accelerates recovery, reduces DOMS, and improves circulation. We break down the evidence and rank the best devices."
/recovery/float-tank-sensory-deprivation,Float Tank Therapy: What the Evidence Actually Shows About REST,Float Tank Therapy,"Flotation REST (Restricted Environmental Stimulation Therapy) has genuine clinical data for pain, anxiety, and recovery. Here's the research, the experience, and how to use it strategically.","Flotation REST (Restricted Environmental Stimulation Therapy) has genuine clinical data for pain, anxiety, and recovery. Here's the research"
/recovery/hyperbaric-oxygen-therapy,Hyperbaric Oxygen Therapy (HBOT) for Longevity: What the Science Says,Hyperbaric Oxygen Therapy (HBOT) for Longevity,A Tel Aviv study showed HBOT lengthened telomeres and reduced senescent cells. Is this the real deal or expensive hype? Honest breakdown of the evidence.,A Tel Aviv study showed HBOT lengthened telomeres and reduced senescent cells. Is this the real deal or expensive hype? Honest breakdown of the evidence.
/recovery/hyperice-hypervolt-2-pro-review,Hyperice Hypervolt 2 Pro Review: A Quiet Premium Massage Gun,Hyperice Hypervolt 2 Pro Review: A Quiet Premium Massage Gun,"The manufacturer lists the Hypervolt 2 Pro at 55 dB, with a pressure sensor and a lightweight body. A research summary from manufacturer specifications and published studies; we have not tested it ourselves.","The manufacturer lists the Hypervolt 2 Pro at 55 dB, with a pressure sensor and a lightweight body"
/recovery/joovv-solo-3-review,Joovv Solo 3.0 Review 2026: Is Premium Red Light Worth It?,Joovv Solo 3.0 Review: Is Premium Red Light Worth It?,"Joovv Solo 3.0 research summary: app control, modular expansion, manufacturer-stated irradiance vs MitoPRO, and whether the ecosystem justifies the price premium.","Joovv Solo 3.0 research summary: app control, modular expansion, manufacturer-stated irradiance vs MitoPRO"
/recovery/massage-bodywork-recovery,Massage and Bodywork for Longevity: What the Evidence Shows,Massage and Bodywork for Longevity: What the Evidence Shows,"Massage is often dismissed as a luxury. The research tells a different story — regular massage reduces cortisol, improves sleep, lowers blood pressure, and accelerates exercise recovery. Here's what the evidence supports.","Massage is often dismissed as a luxury. The research tells a different story — regular massage reduces cortisol, improves sleep, lowers blood pressure"
/recovery/mito-red-light-mitopro-1500-review,MitoPRO 1500 Review: Specifications and Value Red Light Panel,MitoPRO 1500 Review,"Mito Red Light MitoPRO 1500 research summary: manufacturer-stated irradiance, 660/850nm wavelengths, warranty, and how it compares with Joovv on paper.","Mito Red Light MitoPRO 1500 research summary: manufacturer-stated irradiance, 660/850nm wavelengths, warranty, and how it compares with Joovv on paper."
/recovery/morozko-forge-review,Morozko Forge Review: A Premium Cold Plunge,Morozko Forge Review: A Premium Cold Plunge,"The manufacturer states the Morozko Forge chills to 33°F and can form ice, with ozone filtration and a commercial-grade compressor. A research summary from manufacturer specifications; we have not tested it ourselves.","The manufacturer states the Morozko Forge chills to 33°F and can form ice, with ozone filtration and a commercial-grade compressor"
/recovery/pemf-therapy-guide,PEMF Therapy: Does Pulsed Electromagnetic Field Therapy Actually Work?,PEMF Therapy,PEMF devices are sold for everything from pain relief to anti-aging. We cut through the hype with an honest look at what the research actually shows.,PEMF devices are sold for everything from pain relief to anti-aging. We cut through the hype with an honest look at what the research actually shows.
/recovery/platinumled-biomax-300-review,PlatinumLED BioMax 300 Review: A Small Red Light Panel for Face and Joints,PlatinumLED BioMax 300 Review,The BioMax 300 packs 5 therapeutic wavelengths into a compact panel aimed at facial red light therapy and targeted joint treatment. A research summary from manufacturer specifications and published studies; we have not tested it ourselves.,The BioMax 300 packs 5 therapeutic wavelengths into a compact panel aimed at facial red light therapy and targeted joint treatment
/recovery/sunlighten-mpulse-sauna-review,Sunlighten mPulse Believe Review: A Full-Spectrum Home Sauna,Sunlighten mPulse Believe Review: A Full-Spectrum Home Sauna,The Sunlighten mPulse Believe is a home sauna with full-spectrum infrared and programmable protocols. A research summary from manufacturer specifications and published studies; we have not tested it ourselves.,The Sunlighten mPulse Believe is a home sauna with full-spectrum infrared and programmable protocols
/recovery/the-plunge-pro-review,The Plunge Pro Review: A Home Cold Plunge,The Plunge Pro Review: A Home Cold Plunge,"The Plunge Pro is a home cold plunge that the manufacturer states chills to 37°F, with built-in filtration and app scheduling. A research summary from manufacturer specifications and published studies; we have not tested it ourselves.","The Plunge Pro is a home cold plunge that the manufacturer states chills to 37°F, with built-in filtration and app scheduling"
/recovery/theragun-pro-gen6-review,Theragun Pro Gen 6 Review: A Professional-Grade Percussive Therapy Device,Theragun Pro Gen 6 Review,The manufacturer lists the Theragun Pro Gen 6 at 16mm amplitude and 60 lbs of stall force. A research summary from manufacturer specifications and published studies; we have not tested it ourselves.,The manufacturer lists the Theragun Pro Gen 6 at 16mm amplitude and 60 lbs of stall force
/diagnostics/best-at-home-blood-tests-2024,Best At-Home Blood Tests for Longevity: Ranked by Biomarker Depth,Best At-Home Blood Tests for Longevity,"A research-based comparison of at-home blood testing services by biomarker coverage, price, and physician support, drawn from company published information.","A research-based comparison of at-home blood testing services by biomarker coverage, price, and physician support"
/diagnostics/continuous-glucose-monitoring-guide,CGM Guide for Non-Diabetics: What Your Glucose Data Actually Means,CGM Guide for Non-Diabetics,"A complete guide to interpreting continuous glucose monitor data for longevity and metabolic health — what metrics matter, what's normal, and what to do about spikes.","A complete guide to interpreting continuous glucose monitor data for longevity and metabolic health — what metrics matter, what's normal"
/diagnostics/dexa-scan-guide,DEXA Scan for Body Composition: The Most Important Test Most People Skip,DEXA Scan for Body Composition,"DEXA scanning measures muscle mass, bone density, and visceral fat with clinical precision. It's the body composition test many longevity physicians call essential. Here's what to measure, how often, and what the numbers mean.","DEXA scanning measures muscle mass, bone density, and visceral fat with clinical precision"
/diagnostics/epigenetic-age-testing,"Epigenetic Age Testing: Biological Age Clocks Explained (DunedinPACE, Horvath, TruAge)",Epigenetic Age Testing,"Your chronological age is fixed. Your biological age is not. Epigenetic clocks now measure it with remarkable precision. Here's how they work, which test to buy, and what to do with the results.",Your chronological age is fixed. Your biological age is not. Epigenetic clocks now measure it with remarkable precision. Here's how they work
/diagnostics/hrv-guide,HRV Guide: How to Interpret Heart Rate Variability Without Overreading It,HRV Guide,"A source-linked guide to RMSSD, wearable measurement limits, personal baselines, and when HRV should—and should not—change a decision.","A source-linked guide to RMSSD, wearable measurement limits, personal baselines, and when HRV should—and should not—change a decision."
/diagnostics/longevity-biomarkers-guide,The 12 Longevity Biomarkers You Should Be Tracking (And What They Mean),The 12 Longevity Biomarkers You Should Be Tracking (And,"Not all blood tests are equal. These 12 biomarkers predict healthspan better than standard annual panels — with reference ranges optimised for longevity, not just disease avoidance.",Not all blood tests are equal. These 12 biomarkers predict healthspan better than standard annual panels — with reference ranges optimised for longevity
/diagnostics/microbiome-testing-guide,Microbiome Testing: What It Can (and Can't) Tell You About Your Longevity,Microbiome Testing,"Your gut microbiome influences immunity, metabolism, inflammation, and even cognition. Microbiome testing has arrived at consumer level — but what does it actually tell you, and what should you do with the data?","Your gut microbiome influences immunity, metabolism, inflammation, and even cognition. Microbiome testing has arrived at consumer level"
/diagnostics/vo2-max-testing-guide,VO2 Max Testing: The Single Best Predictor of Longevity You Can Measure,VO2 Max Testing,"VO2 max is the strongest independent predictor of all-cause mortality. Learn what it is, how to test it, and exactly how to improve it.","VO2 max is the strongest independent predictor of all-cause mortality. Learn what it is, how to test it, and exactly how to improve it."
/protocols/blue-zones-lifestyle-guide,Blue Zones: What the World's Longest-Lived People Actually Do,Blue Zones,Dan Buettner identified five regions where people routinely live past 100 in good health. The patterns they share aren't about supplements or biohacking — they're about how life is structured. Here's what the evidence actually shows.,Dan Buettner identified five regions where people routinely live past 100 in good health. The patterns they share aren't about supplements or biohacking
/protocols/breathwork-protocols,Breathwork Protocols for Longevity: Science-Backed Techniques That Actually Work,Breathwork Protocols for Longevity,"Breathing is the only autonomic function you can consciously control — and that makes it a direct lever on your nervous system, HRV, and stress response. The evidence-based protocols.","Breathing is the only autonomic function you can consciously control — and that makes it a direct lever on your nervous system, HRV, and stress response"
/protocols/bryan-johnson-biological-age-explained,"Bryan Johnson's Biological Age, Explained: DunedinPACE, TruAge & What the Numbers Actually Mean","Bryan Johnson's Biological Age, Explained","Bryan Johnson reports a DunedinPACE score of 0.69 and organ ages below his chronological age. Here's what those specific numbers mean, how they're measured, and where the science is solid versus still emerging.","Bryan Johnson reports a DunedinPACE score of 0.69 and organ ages below his chronological age. Here's what those specific numbers mean, how they're measured"
/protocols/caloric-restriction-guide,"Caloric Restriction for Longevity: The Evidence, the Practice, and the Limits",Caloric Restriction for Longevity,Caloric restriction is the most reproducible lifespan extension intervention across species. Here's what four decades of research actually shows — and the practical framework for humans who want the benefits without the misery.,Caloric restriction is the most reproducible lifespan extension intervention across species. Here's what four decades of research actually shows
/protocols/cold-exposure-protocol,"Cold Exposure Protocol: Ice Baths, Cold Showers & the Science of Hormesis",Cold Exposure Protocol,"Cold exposure activates brown fat, boosts norepinephrine 300%, and builds stress resilience. The evidence-based protocol for cold therapy — without the hype.","Cold exposure activates brown fat, boosts norepinephrine 300%, and builds stress resilience. The evidence-based protocol for cold therapy"
/protocols/cold-shower-protocol,Cold Shower Protocol: The Beginner's Guide to Cold Exposure Without the Ice Bath,Cold Shower Protocol,Cold plunges get the headlines but cold showers are where most people should start. Here's the evidence-based progression from warm shower to full cold exposure — and what you actually gain from each stage.,Cold plunges get the headlines but cold showers are where most people should start
/protocols/dont-die-movement-explained,"Bryan Johnson's 'Don't Die' Movement, Explained: What It Is and What You Can Actually Use","Bryan Johnson's 'Don't Die' Movement, Explained","Bryan Johnson has expanded Blueprint into something bigger — a philosophy, a Netflix documentary, and a self-described 'religion' called Don't Die. Here's what it actually is, separated from the headlines, and which parts are worth applying to your own protocol.","Bryan Johnson has expanded Blueprint into something bigger — a philosophy, a Netflix documentary, and a self-described 'religion' called Don't Die"
/protocols/fasting-mimicking-diet,The Fasting Mimicking Diet: Valter Longo's 5-Day ProLon Protocol Explained,The Fasting Mimicking Diet,"Valter Longo's fasting mimicking diet triggers cellular rejuvenation, reduces biological age markers, and extends healthspan in clinical trials — without true fasting. The exact protocol and evidence.","Valter Longo's fasting mimicking diet triggers cellular rejuvenation, reduces biological age markers, and extends healthspan in clinical trials"
/protocols/grounding-earthing-protocol,Grounding and Earthing: What the Science Actually Says,Grounding and Earthing: What the Science Actually Says,"Earthing — direct skin contact with the Earth's surface — has genuine peer-reviewed research behind it. Inflammation reduction, sleep improvement, and cortisol regulation. Here's the honest evidence.","Earthing — direct skin contact with the Earth's surface — has genuine peer-reviewed research behind it. Inflammation reduction, sleep improvement"
/protocols/hormone-optimization-guide,"Hormone Optimization for Longevity: Testosterone, Estrogen, Thyroid, and Beyond",Hormone Optimization for Longevity,"Hormonal decline is one of the most impactful and underaddressed drivers of biological ageing. Here's the evidence on which hormones matter, how to assess them, and what the options are for optimisation.",Hormonal decline is one of the most impactful and underaddressed drivers of biological ageing. Here's the evidence on which hormones matter
/protocols/intermittent-fasting-longevity-guide,Intermittent Fasting for Longevity: The Evidence-Based Guide,Intermittent Fasting for Longevity: The Evidence-Based Guide,"A comprehensive review of intermittent fasting protocols for longevity — separating hype from evidence, optimising for your biology, and avoiding the common mistakes.","A comprehensive review of intermittent fasting protocols for longevity — separating hype from evidence, optimising for your biology"
/protocols/light-therapy-circadian-protocol,Light Therapy and Circadian Optimization: The Complete Protocol,Light Therapy and Circadian Optimization,"Light is the most powerful zeitgeber — the primary signal that sets your circadian clock. Getting light right is free, takes minutes, and dramatically improves sleep, energy, and metabolic health. Here's the science-backed protocol.","Light is the most powerful zeitgeber — the primary signal that sets your circadian clock. Getting light right is free, takes minutes"
/protocols/longevity-cooking-guide,Longevity Cooking: How to Prepare Food That Supports a Long Life,Longevity Cooking,"The way you cook food matters almost as much as what you cook. AGEs, cooking oils, nutrient preservation, meal timing — this is the practical kitchen guide to cooking for longevity.","The way you cook food matters almost as much as what you cook. AGEs, cooking oils, nutrient preservation, meal timing"
/protocols/longevity-exercise-protocol,"The Evidence-Based Longevity Exercise Protocol: Zone 2, VO2 Max & Strength",The Evidence-Based Longevity Exercise Protocol,"The most comprehensive review of exercise for longevity — combining Zone 2 cardio, VO2 max intervals, strength training, and mobility into a weekly protocol.","The most comprehensive review of exercise for longevity — combining Zone 2 cardio, VO2 max intervals, strength training"
/protocols/longevity-nutrition-framework,The Longevity Nutrition Framework: What the Best Evidence Actually Recommends,The Longevity Nutrition Framework,"Forget diet wars. The longevity nutrition evidence points clearly in a few directions — high protein, Mediterranean pattern, time-restricted eating, and processed food elimination. Here's the framework that synthesises the best research.","Forget diet wars. The longevity nutrition evidence points clearly in a few directions — high protein, Mediterranean pattern, time-restricted eating"
/protocols/protein-timing-leucine-threshold,Protein Timing for Longevity: Why 3 Meals of 30g Beats One Big Steak,Protein Timing for Longevity,Older adults need roughly double the protein-per-meal threshold that young adults do to actually build muscle. Here's the leucine science behind why distribution matters as much as total daily intake — and how to structure your meals accordingly.,Older adults need roughly double the protein-per-meal threshold that young adults do to actually build muscle
/protocols/sauna-protocol,"Evidence-Based Sauna Protocol: How Often, How Hot, How Long","Evidence-Based Sauna Protocol: How Often, How Hot, How Long","Finnish sauna use reduces all-cause mortality by 40%. But protocol matters — temperature, duration, frequency, and timing all affect outcomes. The exact protocol backed by the KIHD data.","Finnish sauna use reduces all-cause mortality by 40%. But protocol matters — temperature, duration, frequency, and timing all affect outcomes"
/protocols/sleep-hygiene-protocol,Sleep Hygiene Protocol: 20 Evidence-Based Changes Ranked by Impact,Sleep Hygiene Protocol,"Complete sleep hygiene protocol for longevity: 20 ranked changes for deep sleep, circadian rhythm, and recovery. Start with wake time, morning light, and cool dark room.","Complete sleep hygiene protocol for longevity: 20 ranked changes for deep sleep, circadian rhythm, and recovery. Start with wake time, morning light"
/protocols/strength-training-longevity,Strength Training for Longevity: The Evidence-Based Protocol,Strength Training for Longevity: The Evidence-Based Protocol,"Muscle mass is one of the strongest predictors of healthspan. The complete science and protocol for strength training that extends life, not just aesthetics.",Muscle mass is one of the strongest predictors of healthspan. The complete science and protocol for strength training that extends life
/protocols/strength-training-periodisation,"Strength Training Periodisation for Longevity: How to Programme for Decades, Not Months",Strength Training Periodisation for Longevity,Most training programmes are built for short-term progress. Longevity strength training is different — it optimises for decades of consistent gains while minimising injury and preserving joint health. Here's the framework.,Most training programmes are built for short-term progress. Longevity strength training is different
/protocols/stress-longevity-protocol,Stress and Longevity: Why Chronic Stress Ages You and What to Do About It,Stress and Longevity,"Chronic psychological stress accelerates biological ageing by 2–3 years per decade. Here's the mechanism, the measurement, and the evidence-based protocol for stress resilience.","Chronic psychological stress accelerates biological ageing by 2–3 years per decade. Here's the mechanism, the measurement"
/protocols/zone2-training-deep-dive,Zone 2 Training: The Science of the Most Important Cardio You're Probably Not Doing,Zone 2 Training,"Zone 2 is the longevity cardio protocol used by Inigo San Millan and every serious longevity physician. Here's the exact science, how to find your zone, and why most people train too hard.","Zone 2 is the longevity cardio protocol used by Inigo San Millan and every serious longevity physician. Here's the exact science, how to find your zone"
/best/best-home-gym-longevity,Best Home Gym for Longevity: Equipment Ranked by Impact Per Dollar,Best Home Gym for Longevity,You don't need a full commercial gym to build a longevity training setup. These are the pieces of equipment that deliver the highest health impact — ranked by evidence and cost-effectiveness.,You don't need a full commercial gym to build a longevity training setup. These are the pieces of equipment that deliver the highest health impact
/best/best-longevity-apps,Best Longevity Apps: The Tools That Actually Help You Live Longer,Best Longevity Apps,"The longevity app market is full of noise. These are the apps with genuine utility — for tracking, optimising, and understanding the inputs that drive healthspan.","The longevity app market is full of noise. These are the apps with genuine utility — for tracking, optimising"
/best/best-longevity-books,Best Longevity Books: The Reading List Every Biohacker Needs,Best Longevity Books: The Reading List Every Biohacker Needs,"The definitive longevity reading list — ranked by scientific rigour, practical value, and impact. Featuring David Sinclair and other leading voices in the field.","The definitive longevity reading list — ranked by scientific rigour, practical value, and impact"
/best/best-longevity-clinics,Best Longevity Clinics: Where to Get Comprehensive Health Optimization Testing,Best Longevity Clinics,"A new category of clinic goes far beyond the annual physical — comprehensive biomarker testing, imaging, genetic analysis, and personalized longevity protocols. Here's what's available.","A new category of clinic goes far beyond the annual physical — comprehensive biomarker testing, imaging, genetic analysis"
/best/best-longevity-labs,Best Blood Testing Labs for Longevity: Where to Order Advanced Biomarkers,Best Blood Testing Labs for Longevity,"Standard GP blood tests miss the biomarkers that actually matter for longevity. These are the labs that let you order advanced panels — ApoB, Lp(a), fasting insulin, full hormones — directly, without a physician gatekeeping your data.","Standard GP blood tests miss the biomarkers that actually matter for longevity. These are the labs that let you order advanced panels — ApoB, Lp(a)"
/best/best-longevity-podcasts,Best Longevity Podcasts: Where Scientists and Doctors Actually Talk Science,Best Longevity Podcasts,"Skip the hype. These podcasts are where the best longevity researchers and physicians break down the real science — with citations, nuance, and honest uncertainty.","Skip the hype. These podcasts are where the best longevity researchers and physicians break down the real science — with citations, nuance"
/best/best-longevity-travel,"Longevity Travel: How to Protect Your Health When Flying, Crossing Time Zones, and Living on the Road",Longevity Travel,"Travel is one of the biggest disruptors of sleep, circadian rhythm, nutrition, and exercise habits. Here's how high-performance travellers maintain their longevity protocols on the road.","Travel is one of the biggest disruptors of sleep, circadian rhythm, nutrition, and exercise habits"
/best/best-nootropics-longevity,Best Nootropics for Cognitive Longevity: What Actually Works,Best Nootropics for Cognitive Longevity: What Actually Works,Most nootropics are hype. A small number have genuine clinical evidence for protecting and enhancing brain health as you age. Here's the evidence-based shortlist.,Most nootropics are hype. A small number have genuine clinical evidence for protecting and enhancing brain health as you age
/best/best-recovery-devices-2024,"Best Recovery Devices for Longevity: Sauna, Cold Plunge & Red Light Ranked",Best Recovery Devices for Longevity,"The best home recovery devices for longevity — ranked by evidence, value, and real-world effectiveness. Infrared saunas, cold plunges, and red light therapy panels reviewed.","The best home recovery devices for longevity — ranked by evidence, value, and real-world effectiveness. Infrared saunas, cold plunges"
/best/best-sleep-tools,"Best Sleep Optimization Tools: Mattresses, Trackers, Light & Temperature",Best Sleep Optimization Tools,"Sleep is the highest-impact longevity intervention. We rank the best tools across every sleep category — from mattress tech to sleep trackers, light therapy, and cooling.",Sleep is the highest-impact longevity intervention. We rank the best tools across every sleep category — from mattress tech to sleep trackers
/best/best-wearables-longevity-2024,"Best Wearables for Longevity 2026: HRV, Sleep & Metabolic Tracking",Best Wearables for Longevity,"Best longevity wearables ranked: WHOOP, Oura, Garmin, and Dexcom Stelo for HRV, sleep staging, recovery, and glucose insights.","Best longevity wearables ranked: WHOOP, Oura, Garmin, and Dexcom Stelo for HRV, sleep staging, recovery, and glucose insights."
/best/complete-longevity-stack,"Complete Longevity Supplement Stack 2026: What to Take, When, Why","Complete Longevity Supplement Stack: What to Take, When, Why","Evidence-ranked longevity supplement stack by tier: vitamin D, magnesium, omega-3, creatine, NMN, and more — with doses, timing, monthly cost, and what to skip.","Evidence-ranked longevity supplement stack by tier: vitamin D, magnesium, omega-3, creatine, NMN, and more — with doses, timing, monthly cost"
/best/how-to-find-longevity-doctor,"How to Find a Longevity Doctor: What to Look For, What to Ask, and What to Avoid",How to Find a Longevity Doctor,Standard medicine is optimised for treating disease. Longevity medicine is optimised for preventing it decades in advance. Finding the right physician makes everything else more effective. Here's how.,Standard medicine is optimised for treating disease. Longevity medicine is optimised for preventing it decades in advance
/best/longevity-for-women,Longevity for Women: The Complete Guide to the Underserved Half of the Field,Longevity for Women,Most longevity research has been conducted in men. The female biology of ageing is genuinely different — from hormonal transitions to cardiovascular risk patterns. Here's the evidence-based guide built for women.,Most longevity research has been conducted in men. The female biology of ageing is genuinely different
