url,decision,target_query,reason,redirect_target,date,status,word_count,needs_sources,kind,legacy_date,published
/supplements/alpha-lipoic-acid,keep,alpha-lipoic acid,no GSC pages export for this domain: no cuts or merges proposed,,2026-09-29,proposed,1143,true,article,2025-01-26,2026-06-06
/supplements/berberine-vs-metformin,keep,berberine vs metformin,no GSC pages export for this domain: no cuts or merges proposed,,2026-09-29,proposed,1225,true,article,2025-01-30,2026-06-06
/supplements/best-ashwagandha-supplements,keep,best ashwagandha supplements,no GSC pages export for this domain: no cuts or merges proposed,,2026-09-29,proposed,790,true,article,2024-12-18,2026-06-04
/supplements/best-berberine-supplements,keep,best berberine supplements,no GSC pages export for this domain: no cuts or merges proposed,,2026-09-29,proposed,804,true,article,2024-12-15,2026-06-04
/supplements/best-coq10-ubiquinol,keep,best coq10 supplements,no GSC pages export for this domain: no cuts or merges proposed,,2026-09-29,proposed,732,true,article,2025-01-02,2026-06-05
/supplements/best-creatine-supplements,keep,best creatine for longevity,no GSC pages export for this domain: no cuts or merges proposed,,2026-09-29,proposed,891,true,article,2026-07-16,2026-06-04
/supplements/best-magnesium-supplements,keep,best magnesium supplements,no GSC pages export for this domain: no cuts or merges proposed,,2026-09-29,proposed,809,true,article,2026-07-16,2026-06-04
/supplements/best-nmn-supplements-2024,keep,nmn supplements in,no GSC pages export for this domain: no cuts or merges proposed,,2026-09-29,proposed,934,false,article,2026-09-08,2026-06-04
/supplements/best-omega-3-fish-oil,keep,best omega-3 fish oil,no GSC pages export for this domain: no cuts or merges proposed,,2026-09-29,proposed,523,true,article,2026-07-16,2026-06-04
/supplements/best-rapamycin-guide,merge,best rapamycin,two pages for one rapamycin task (Job R); PEARL facts and source folded into the guide,/supplements/rapamycin-longevity-guide,2026-10-01,applied,1014,true,article,2024-12-24,2026-06-04
/supplements/best-resveratrol-pterostilbene,keep,resveratrol vs pterostilbene,no GSC pages export for this domain: no cuts or merges proposed,,2026-09-29,proposed,873,true,article,2025-01-14,2026-06-06
/supplements/best-taurine-supplements,keep,taurine,no GSC pages export for this domain: no cuts or merges proposed,,2026-09-29,proposed,992,true,article,2025-01-15,2026-06-06
/supplements/best-vitamin-d3-k2,keep,best vitamin d3 + k2 supplements,no GSC pages export for this domain: no cuts or merges proposed,,2026-09-29,proposed,819,true,article,2026-07-16,2026-06-04
/supplements/collagen-supplements,keep,collagen supplements,no GSC pages export for this domain: no cuts or merges proposed,,2026-09-29,proposed,1326,true,article,2025-02-03,2026-06-06
/supplements/curcumin-longevity-guide,keep,curcumin for longevity,no GSC pages export for this domain: no cuts or merges proposed,,2026-09-29,proposed,637,true,article,2026-06-25,2026-07-02
/supplements/gut-health-longevity,keep,gut health and longevity,no GSC pages export for this domain: no cuts or merges proposed,,2026-09-29,proposed,1528,true,article,2025-02-22,2026-06-06
/supplements/lions-mane-mushroom,keep,lion's mane mushroom,no GSC pages export for this domain: no cuts or merges proposed,,2026-09-29,proposed,1227,true,article,2025-01-20,2026-06-06
/supplements/lithium-orotate-ndga-2026,keep,lithium orotate & ndga,no GSC pages export for this domain: no cuts or merges proposed,,2026-09-29,proposed,985,true,article,2026-06-15,2026-06-30
/supplements/metformin-longevity-guide,keep,metformin for longevity,no GSC pages export for this domain: no cuts or merges proposed,,2026-09-29,proposed,1259,true,article,2025-01-21,2026-06-06
/supplements/nad-boosters-complete-guide,keep,nad+ boosters,no GSC pages export for this domain: no cuts or merges proposed,,2026-09-29,proposed,1326,true,article,2025-02-06,2026-06-06
/supplements/peptides-longevity-guide,keep,peptides for longevity,no GSC pages export for this domain: no cuts or merges proposed,,2026-09-29,proposed,1623,true,article,2025-02-08,2026-06-06
/supplements/quercetin-fisetin-senolytics,keep,quercetin and fisetin,no GSC pages export for this domain: no cuts or merges proposed,,2026-09-29,proposed,1351,true,article,2025-02-01,2026-06-06
/supplements/rapamycin-longevity-guide,keep,rapamycin longevity guide,no GSC pages export for this domain: no cuts or merges proposed,,2026-09-29,proposed,835,false,article,2026-09-08,2026-06-06
/supplements/spermidine-longevity,keep,spermidine,no GSC pages export for this domain: no cuts or merges proposed,,2026-09-29,proposed,697,true,article,2025-01-04,2026-06-05
/supplements/urolithin-a-mitopure-guide,keep,urolithin a,no GSC pages export for this domain: no cuts or merges proposed,,2026-09-29,proposed,681,true,article,2026-06-25,2026-07-02
/wearables/apple-watch-health-features,keep,apple watch for longevity,no GSC pages export for this domain: no cuts or merges proposed,,2026-09-29,proposed,1126,true,article,2025-01-10,2026-06-05
/wearables/best-continuous-glucose-monitors,keep,best cgms for non-diabetics,no GSC pages export for this domain: no cuts or merges proposed,,2026-09-29,proposed,120,true,article,2024-10-22,2026-06-04
/wearables/best-fitness-trackers-longevity,keep,best fitness trackers for longevity in,no GSC pages export for this domain: no cuts or merges proposed,,2026-09-29,proposed,975,false,article,2024-11-05,2026-06-04
/wearables/dexcom-stelo-review,keep,dexcom stelo review,no GSC pages export for this domain: no cuts or merges proposed,,2026-09-29,proposed,986,true,article,2024-10-01,2026-06-04
/wearables/garmin-fenix-7-review,keep,garmin fenix 7 review,no GSC pages export for this domain: no cuts or merges proposed,,2026-09-29,proposed,1179,true,article,2024-10-25,2026-06-04
/wearables/garmin-vs-whoop-comparison,keep,garmin vs whoop,no GSC pages export for this domain: no cuts or merges proposed,,2026-09-29,proposed,1164,true,article,2025-01-27,2026-06-06
/wearables/oura-ring-gen3-review,merge,oura ring gen 3 review,stale Gen 3 review superseded by the smart rings page (wave 4),/wearables/smart-rings-compared,2026-10-02,applied,772,true,article,2026-07-16,2026-06-04
/wearables/smart-rings-compared,keep,oura ring 4 review,new page replacing the Gen 3 review (wave 4),,2026-10-02,applied,,false,article,,2026-10-02
/wearables/whoop-4-review,keep,whoop 5 review,no GSC pages export for this domain: no cuts or merges proposed,,2026-09-29,proposed,897,false,article,2026-07-16,2026-06-04
/wearables/whoop-vs-oura-comparison,keep,whoop 5.0 vs oura ring 4,no GSC pages export for this domain: no cuts or merges proposed,,2026-09-29,proposed,820,false,article,2026-07-16,2026-06-04
/recovery/best-home-saunas-infrared-2024,keep,best infrared home saunas,no GSC pages export for this domain: no cuts or merges proposed,,2026-09-29,proposed,1258,true,article,2026-07-16,2026-06-04
/recovery/best-massage-guns-percussive-therapy,keep,best massage guns,no GSC pages export for this domain: no cuts or merges proposed,,2026-09-29,proposed,269,true,article,2024-08-25,2026-06-04
/recovery/best-red-light-therapy-panels-2024,keep,best red light therapy panels,no GSC pages export for this domain: no cuts or merges proposed,,2026-09-29,proposed,1022,true,article,2026-07-16,2026-06-04
/recovery/clearlight-sanctuary-2-review,keep,clearlight sanctuary 2 review,no GSC pages export for this domain: no cuts or merges proposed,,2026-09-29,proposed,1329,true,article,2024-10-12,2026-06-04
/recovery/cold-plunge-ice-bath-review,keep,best cold plunges of,no GSC pages export for this domain: no cuts or merges proposed,,2026-09-29,proposed,597,true,article,2026-07-16,2026-06-04
/recovery/compression-therapy-guide,keep,compression therapy for recovery,no GSC pages export for this domain: no cuts or merges proposed,,2026-09-29,proposed,795,true,article,2024-12-06,2026-06-04
/recovery/float-tank-sensory-deprivation,keep,float tank therapy,no GSC pages export for this domain: no cuts or merges proposed,,2026-09-29,proposed,1233,true,article,2025-01-18,2026-06-06
/recovery/hyperbaric-oxygen-therapy,keep,hyperbaric oxygen therapy for longevity,no GSC pages export for this domain: no cuts or merges proposed,,2026-09-29,proposed,902,true,article,2024-12-22,2026-06-04
/recovery/hyperice-hypervolt-2-pro-review,keep,hyperice hypervolt 2 pro review,no GSC pages export for this domain: no cuts or merges proposed,,2026-09-29,proposed,1124,true,article,2024-09-08,2026-06-04
/recovery/joovv-solo-3-review,keep,joovv solo 3.0 review,no GSC pages export for this domain: no cuts or merges proposed,,2026-09-29,proposed,1038,true,article,2026-07-16,2026-06-04
/recovery/massage-bodywork-recovery,keep,massage and bodywork for longevity,no GSC pages export for this domain: no cuts or merges proposed,,2026-09-29,proposed,1287,true,article,2025-02-18,2026-06-06
/recovery/mito-red-light-mitopro-1500-review,keep,mitopro 1500 review,no GSC pages export for this domain: no cuts or merges proposed,,2026-09-29,proposed,1118,true,article,2026-07-16,2026-06-04
/recovery/morozko-forge-review,keep,morozko forge review,no GSC pages export for this domain: no cuts or merges proposed,,2026-09-29,proposed,930,true,article,2024-09-30,2026-06-04
/recovery/pemf-therapy-guide,keep,pemf therapy,no GSC pages export for this domain: no cuts or merges proposed,,2026-09-29,proposed,696,true,article,2024-12-20,2026-06-04
/recovery/platinumled-biomax-300-review,keep,platinumled biomax 300 review,no GSC pages export for this domain: no cuts or merges proposed,,2026-09-29,proposed,1551,true,article,2024-09-20,2026-06-04
/recovery/sunlighten-mpulse-sauna-review,keep,sunlighten mpulse believe review,no GSC pages export for this domain: no cuts or merges proposed,,2026-09-29,proposed,1210,true,article,2024-11-01,2026-06-04
/recovery/the-plunge-pro-review,keep,the plunge pro review,no GSC pages export for this domain: no cuts or merges proposed,,2026-09-29,proposed,915,true,article,2024-11-10,2026-06-04
/recovery/theragun-pro-gen6-review,keep,theragun pro gen 6 review,no GSC pages export for this domain: no cuts or merges proposed,,2026-09-29,proposed,1102,true,article,2024-10-05,2026-06-04
/diagnostics/best-at-home-blood-tests-2024,keep,best at-home blood tests for longevity,no GSC pages export for this domain: no cuts or merges proposed,,2026-09-29,proposed,662,true,article,2024-11-08,2026-06-04
/diagnostics/continuous-glucose-monitoring-guide,keep,cgm guide for non-diabetics,no GSC pages export for this domain: no cuts or merges proposed,,2026-09-29,proposed,432,true,article,2024-10-15,2026-06-04
/diagnostics/dexa-scan-guide,keep,dexa scan for body composition,no GSC pages export for this domain: no cuts or merges proposed,,2026-09-29,proposed,1332,true,article,2025-01-22,2026-06-06
/diagnostics/epigenetic-age-testing,keep,epigenetic age testing,no GSC pages export for this domain: no cuts or merges proposed,,2026-09-29,proposed,1260,true,article,2025-01-17,2026-06-06
/diagnostics/hrv-guide,keep,hrv guide,no GSC pages export for this domain: no cuts or merges proposed,,2026-09-29,proposed,800,false,article,2024-12-16,2026-06-04
/diagnostics/longevity-biomarkers-guide,keep,the 12 longevity biomarkers you should be tracking,no GSC pages export for this domain: no cuts or merges proposed,,2026-09-29,proposed,1342,true,article,2024-12-26,2026-06-04
/diagnostics/microbiome-testing-guide,keep,microbiome testing,no GSC pages export for this domain: no cuts or merges proposed,,2026-09-29,proposed,1395,true,article,2025-01-28,2026-06-06
/diagnostics/vo2-max-testing-guide,keep,vo2 max testing,no GSC pages export for this domain: no cuts or merges proposed,,2026-09-29,proposed,1121,true,article,2024-12-03,2026-06-04
/protocols/blue-zones-lifestyle-guide,keep,blue zones,no GSC pages export for this domain: no cuts or merges proposed,,2026-09-29,proposed,1646,true,article,2025-02-21,2026-06-06
/protocols/breathwork-protocols,keep,breathwork protocols for longevity,no GSC pages export for this domain: no cuts or merges proposed,,2026-09-29,proposed,1129,true,article,2025-01-06,2026-06-05
/protocols/bryan-johnson-biological-age-explained,keep,"bryan johnson's biological age, explained",no GSC pages export for this domain: no cuts or merges proposed,,2026-09-29,proposed,806,true,article,2026-07-08,2026-07-12
/protocols/caloric-restriction-guide,keep,caloric restriction for longevity,no GSC pages export for this domain: no cuts or merges proposed,,2026-09-29,proposed,1347,true,article,2025-02-20,2026-06-06
/protocols/cold-exposure-protocol,keep,cold exposure protocol,no GSC pages export for this domain: no cuts or merges proposed,,2026-09-29,proposed,1030,true,article,2024-12-12,2026-06-04
/protocols/cold-shower-protocol,keep,cold shower protocol,no GSC pages export for this domain: no cuts or merges proposed,,2026-09-29,proposed,1627,true,article,2025-02-04,2026-06-06
/protocols/dont-die-movement-explained,keep,"bryan johnson's 'don't die' movement, explained",no GSC pages export for this domain: no cuts or merges proposed,,2026-09-29,proposed,815,true,article,2026-06-20,2026-06-30
/protocols/fasting-mimicking-diet,keep,the fasting mimicking diet,no GSC pages export for this domain: no cuts or merges proposed,,2026-09-29,proposed,1127,true,article,2025-01-16,2026-06-06
/protocols/grounding-earthing-protocol,keep,grounding and earthing,no GSC pages export for this domain: no cuts or merges proposed,,2026-09-29,proposed,1352,true,article,2025-01-25,2026-06-06
/protocols/hormone-optimization-guide,keep,hormone optimization for longevity,no GSC pages export for this domain: no cuts or merges proposed,,2026-09-29,proposed,1885,true,article,2025-02-10,2026-06-06
/protocols/intermittent-fasting-longevity-guide,keep,intermittent fasting for longevity,no GSC pages export for this domain: no cuts or merges proposed,,2026-09-29,proposed,719,true,article,2024-09-25,2026-06-04
/protocols/light-therapy-circadian-protocol,keep,light therapy and circadian optimization,no GSC pages export for this domain: no cuts or merges proposed,,2026-09-29,proposed,1694,true,article,2025-02-09,2026-06-06
/protocols/longevity-cooking-guide,keep,longevity cooking,no GSC pages export for this domain: no cuts or merges proposed,,2026-09-29,proposed,1701,true,article,2025-02-23,2026-06-06
/protocols/longevity-exercise-protocol,keep,the evidence-based longevity exercise protocol,no GSC pages export for this domain: no cuts or merges proposed,,2026-09-29,proposed,883,true,article,2024-11-12,2026-06-04
/protocols/longevity-nutrition-framework,keep,the longevity nutrition framework,no GSC pages export for this domain: no cuts or merges proposed,,2026-09-29,proposed,1715,true,article,2025-02-11,2026-06-06
/protocols/protein-timing-leucine-threshold,keep,protein timing for longevity,no GSC pages export for this domain: no cuts or merges proposed,,2026-09-29,proposed,896,true,article,2026-06-25,2026-07-02
/protocols/sauna-protocol,keep,evidence-based sauna protocol,no GSC pages export for this domain: no cuts or merges proposed,,2026-09-29,proposed,1161,true,article,2025-01-08,2026-06-05
/protocols/sleep-hygiene-protocol,keep,sleep hygiene protocol,no GSC pages export for this domain: no cuts or merges proposed,,2026-09-29,proposed,2138,true,article,2026-07-16,2026-06-06
/protocols/strength-training-longevity,keep,strength training for longevity,no GSC pages export for this domain: no cuts or merges proposed,,2026-09-29,proposed,1119,true,article,2024-12-14,2026-06-04
/protocols/strength-training-periodisation,keep,strength training periodisation for longevity,no GSC pages export for this domain: no cuts or merges proposed,,2026-09-29,proposed,1694,true,article,2025-02-14,2026-06-06
/protocols/stress-longevity-protocol,keep,stress and longevity,no GSC pages export for this domain: no cuts or merges proposed,,2026-09-29,proposed,1456,true,article,2025-02-13,2026-06-06
/protocols/zone2-training-deep-dive,keep,zone 2 training,no GSC pages export for this domain: no cuts or merges proposed,,2026-09-29,proposed,2041,true,article,2025-02-07,2026-06-06
/best/best-home-gym-longevity,keep,best home gym for longevity,no GSC pages export for this domain: no cuts or merges proposed,,2026-09-29,proposed,1382,true,article,2025-01-24,2026-06-06
/best/best-longevity-apps,keep,best longevity apps,no GSC pages export for this domain: no cuts or merges proposed,,2026-09-29,proposed,1403,true,article,2025-01-23,2026-06-06
/best/best-longevity-books,keep,best longevity books,no GSC pages export for this domain: no cuts or merges proposed,,2026-09-29,proposed,987,true,article,2024-12-10,2026-06-04
/best/best-longevity-clinics,keep,best longevity clinics,no GSC pages export for this domain: no cuts or merges proposed,,2026-09-29,proposed,1123,true,article,2024-12-30,2026-06-04
/best/best-longevity-labs,keep,best blood testing labs for longevity,no GSC pages export for this domain: no cuts or merges proposed,,2026-09-29,proposed,1284,true,article,2025-02-05,2026-06-06
/best/best-longevity-podcasts,keep,best longevity podcasts,no GSC pages export for this domain: no cuts or merges proposed,,2026-09-29,proposed,870,true,article,2025-01-12,2026-06-05
/best/best-longevity-supplements,keep,"10 best longevity supplements, ranked by evidence",no GSC pages export for this domain: no cuts or merges proposed,,2026-09-29,proposed,719,true,article,2026-07-16,2026-06-04
/best/best-longevity-travel,keep,longevity travel,no GSC pages export for this domain: no cuts or merges proposed,,2026-09-29,proposed,1508,true,article,2025-02-12,2026-06-06
/best/best-nootropics-longevity,keep,best nootropics for cognitive longevity,no GSC pages export for this domain: no cuts or merges proposed,,2026-09-29,proposed,1389,true,article,2025-01-19,2026-06-06
/best/best-recovery-devices-2024,keep,best recovery devices for longevity,no GSC pages export for this domain: no cuts or merges proposed,,2026-09-29,proposed,373,true,article,2024-10-28,2026-06-04
/best/best-sleep-tools,keep,best sleep optimization tools,no GSC pages export for this domain: no cuts or merges proposed,,2026-09-29,proposed,977,true,article,2024-12-28,2026-06-04
/best/best-wearables-longevity-2024,keep,best wearables for longevity,no GSC pages export for this domain: no cuts or merges proposed,,2026-09-29,proposed,526,true,article,2026-07-16,2026-06-04
/best/complete-longevity-stack,keep,complete longevity supplement stack,no GSC pages export for this domain: no cuts or merges proposed,,2026-09-29,proposed,1607,true,article,2026-07-16,2026-06-06
/best/how-to-find-longevity-doctor,keep,how to find a longevity doctor,no GSC pages export for this domain: no cuts or merges proposed,,2026-09-29,proposed,1423,true,article,2025-02-17,2026-06-06
/best/longevity-for-women,keep,longevity for women,no GSC pages export for this domain: no cuts or merges proposed,,2026-09-29,proposed,1722,true,article,2025-02-15,2026-06-06
/,keep,,"hub, tool or data page rebuilt on the new templates",,2026-09-29,proposed,,,static,,
/get-started,keep,,"hub, tool or data page rebuilt on the new templates",,2026-09-29,proposed,,,static,,
/database,keep,,"hub, tool or data page rebuilt on the new templates",,2026-09-29,proposed,,,static,,
/protocols,keep,,"hub, tool or data page rebuilt on the new templates",,2026-09-29,proposed,,,static,,
/quiz,keep,,"hub, tool or data page rebuilt on the new templates",,2026-09-29,proposed,,,static,,
/best,keep,,"hub, tool or data page rebuilt on the new templates",,2026-09-29,proposed,,,static,,
/compare,keep,,"hub, tool or data page rebuilt on the new templates",,2026-09-29,proposed,,,static,,
/glossary,keep,,"hub, tool or data page rebuilt on the new templates",,2026-09-29,proposed,,,static,,
/authors,keep,,"hub, tool or data page rebuilt on the new templates",,2026-09-29,proposed,,,static,,
/about,keep,,"hub, tool or data page rebuilt on the new templates",,2026-09-29,proposed,,,static,,
/contact,keep,,"hub, tool or data page rebuilt on the new templates",,2026-09-29,proposed,,,static,,
/privacy,keep,,"hub, tool or data page rebuilt on the new templates",,2026-09-29,proposed,,,static,,
/terms,keep,,"hub, tool or data page rebuilt on the new templates",,2026-09-29,proposed,,,static,,
/category/supplements,keep,,"hub, tool or data page rebuilt on the new templates",,2026-09-29,proposed,,,static,,
/category/wearables,keep,,"hub, tool or data page rebuilt on the new templates",,2026-09-29,proposed,,,static,,
/category/recovery,keep,,"hub, tool or data page rebuilt on the new templates",,2026-09-29,proposed,,,static,,
/category/diagnostics,keep,,"hub, tool or data page rebuilt on the new templates",,2026-09-29,proposed,,,static,,
/category/protocols,keep,,"hub, tool or data page rebuilt on the new templates",,2026-09-29,proposed,,,static,,
/category/best,merge,,74% duplicate of the /best hub (Job R),/best,2026-10-01,applied,,,static,,
/sleep,keep,,"hub, tool or data page rebuilt on the new templates",,2026-09-29,proposed,,,static,,
/cardio,keep,,"hub, tool or data page rebuilt on the new templates",,2026-09-29,proposed,,,static,,
/nutrition,keep,,"hub, tool or data page rebuilt on the new templates",,2026-09-29,proposed,,,static,,
/stress-resilience,keep,,"hub, tool or data page rebuilt on the new templates",,2026-09-29,proposed,,,static,,
/exotic-methods,keep,,"hub, tool or data page rebuilt on the new templates",,2026-09-29,proposed,,,static,,
/compare/nmn-vs-nr,keep,,"hub, tool or data page rebuilt on the new templates",,2026-09-29,proposed,,,compare,,
/compare/whoop-vs-oura,keep,,"hub, tool or data page rebuilt on the new templates",,2026-09-29,proposed,,,compare,,
/compare/sauna-types,keep,,"hub, tool or data page rebuilt on the new templates",,2026-09-29,proposed,,,compare,,
/compare/magnesium-forms,keep,,"hub, tool or data page rebuilt on the new templates",,2026-09-29,proposed,,,compare,,
/compare/creatine-vs-hmb,keep,,"hub, tool or data page rebuilt on the new templates",,2026-09-29,proposed,,,compare,,
/compare/cold-plunge-vs-ice-bath,keep,,"hub, tool or data page rebuilt on the new templates",,2026-09-29,proposed,,,compare,,
/compare/cardio-modalities,keep,,"hub, tool or data page rebuilt on the new templates",,2026-09-29,proposed,,,compare,,
/compare/meditation-apps,keep,,"hub, tool or data page rebuilt on the new templates",,2026-09-29,proposed,,,compare,,
/authors/editorial-team,keep,,"hub, tool or data page rebuilt on the new templates",,2026-09-29,proposed,,,static,,
/protocols/bryan-johnson,keep,,"hub, tool or data page rebuilt on the new templates",,2026-09-29,proposed,,,protocol,,
/protocols/andrew-huberman,keep,,"hub, tool or data page rebuilt on the new templates",,2026-09-29,proposed,,,protocol,,
/protocols/david-sinclair,keep,,"hub, tool or data page rebuilt on the new templates",,2026-09-29,proposed,,,protocol,,
/database/nmn,keep,,"hub, tool or data page rebuilt on the new templates",,2026-09-29,proposed,,,evidence-card,,
/database/nr,keep,,"hub, tool or data page rebuilt on the new templates",,2026-09-29,proposed,,,evidence-card,,
/database/resveratrol,keep,,"hub, tool or data page rebuilt on the new templates",,2026-09-29,proposed,,,evidence-card,,
/database/omega3,keep,,"hub, tool or data page rebuilt on the new templates",,2026-09-29,proposed,,,evidence-card,,
/database/vitamin-d,keep,,"hub, tool or data page rebuilt on the new templates",,2026-09-29,proposed,,,evidence-card,,
/database/magnesium,keep,,"hub, tool or data page rebuilt on the new templates",,2026-09-29,proposed,,,evidence-card,,
/database/coq10,keep,,"hub, tool or data page rebuilt on the new templates",,2026-09-29,proposed,,,evidence-card,,
/database/ashwagandha,keep,,"hub, tool or data page rebuilt on the new templates",,2026-09-29,proposed,,,evidence-card,,
/database/creatine,keep,,"hub, tool or data page rebuilt on the new templates",,2026-09-29,proposed,,,evidence-card,,
/database/berberine,keep,,"hub, tool or data page rebuilt on the new templates",,2026-09-29,proposed,,,evidence-card,,
/database/quercetin,keep,,"hub, tool or data page rebuilt on the new templates",,2026-09-29,proposed,,,evidence-card,,
/database/tmg,keep,,"hub, tool or data page rebuilt on the new templates",,2026-09-29,proposed,,,evidence-card,,
