file,signals
"content/best/best-longevity-apps.mdx","3|4"
"content/best/best-longevity-books.mdx","3|4"
"content/best/best-longevity-clinics.mdx","3|4"
"content/best/best-longevity-labs.mdx","3|4"
"content/best/best-longevity-podcasts.mdx","3"
"content/best/best-longevity-supplements.mdx","3"
"content/best/best-longevity-travel.mdx","3"
"content/best/best-nootropics-longevity.mdx","4"
"content/best/best-wearables-longevity-2024.mdx","1|2"
"content/best/complete-longevity-stack.mdx","3|4"
"content/best/how-to-find-longevity-doctor.mdx","3|4"
"content/best/longevity-for-women.mdx","3|4"
"content/diagnostics/best-at-home-blood-tests-2024.mdx","3|4"
"content/diagnostics/continuous-glucose-monitoring-guide.mdx","4"
"content/diagnostics/dexa-scan-guide.mdx","3|4"
"content/diagnostics/epigenetic-age-testing.mdx","4"
"content/diagnostics/hrv-guide.mdx","2|4"
"content/diagnostics/longevity-biomarkers-guide.mdx","3|4"
"content/diagnostics/microbiome-testing-guide.mdx","3|4"
"content/diagnostics/vo2-max-testing-guide.mdx","2|4"
"content/protocols/blue-zones-lifestyle-guide.mdx","4"
"content/protocols/bryan-johnson-biological-age-explained.mdx","4"
"content/protocols/caloric-restriction-guide.mdx","2|4"
"content/protocols/cold-exposure-protocol.mdx","3"
"content/protocols/dont-die-movement-explained.mdx","3"
"content/protocols/fasting-mimicking-diet.mdx","3|4"
"content/protocols/grounding-earthing-protocol.mdx","4"
"content/protocols/hormone-optimization-guide.mdx","3|4"
"content/protocols/longevity-cooking-guide.mdx","4"
"content/protocols/longevity-nutrition-framework.mdx","4"
"content/protocols/sauna-protocol.mdx","3|4"
"content/protocols/strength-training-longevity.mdx","3|4"
"content/protocols/strength-training-periodisation.mdx","4"
"content/protocols/stress-longevity-protocol.mdx","2|3|4"
"content/protocols/zone2-training-deep-dive.mdx","3"
"content/recovery/best-home-saunas-infrared-2024.mdx","1|3|4"
"content/recovery/best-massage-guns-percussive-therapy.mdx","1|4"
"content/recovery/best-red-light-therapy-panels-2024.mdx","1|2"
"content/recovery/clearlight-sanctuary-2-review.mdx","1|4"
"content/recovery/compression-therapy-guide.mdx","2|3|4"
"content/recovery/float-tank-sensory-deprivation.mdx","4"
"content/recovery/hyperbaric-oxygen-therapy.mdx","3"
"content/recovery/hyperice-hypervolt-2-pro-review.mdx","4"
"content/recovery/joovv-solo-3-review.mdx","1|4"
"content/recovery/mito-red-light-mitopro-1500-review.mdx","1|4"
"content/recovery/morozko-forge-review.mdx","1|4"
"content/recovery/pemf-therapy-guide.mdx","3"
"content/recovery/sunlighten-mpulse-sauna-review.mdx","1|4"
"content/recovery/the-plunge-pro-review.mdx","4"
"content/recovery/theragun-pro-gen6-review.mdx","4"
"content/supplements/alpha-lipoic-acid.mdx","4"
"content/supplements/berberine-vs-metformin.mdx","3|4"
"content/supplements/best-ashwagandha-supplements.mdx","4"
"content/supplements/best-berberine-supplements.mdx","3|4"
"content/supplements/best-coq10-ubiquinol.mdx","3|4"
"content/supplements/best-creatine-supplements.mdx","3|4"
"content/supplements/best-magnesium-supplements.mdx","3|4"
"content/supplements/best-rapamycin-guide.mdx","2|3|4"
"content/supplements/best-resveratrol-pterostilbene.mdx","4"
"content/supplements/best-taurine-supplements.mdx","3"
"content/supplements/best-vitamin-d3-k2.mdx","3|4"
"content/supplements/collagen-supplements.mdx","4"
"content/supplements/curcumin-longevity-guide.mdx","3|4"
"content/supplements/lions-mane-mushroom.mdx","2|3|4"
"content/supplements/lithium-orotate-ndga-2026.mdx","2|3"
"content/supplements/metformin-longevity-guide.mdx","3|4"
"content/supplements/peptides-longevity-guide.mdx","3|4"
"content/supplements/quercetin-fisetin-senolytics.mdx","3|4"
"content/supplements/rapamycin-longevity-guide.mdx","3|4"
"content/supplements/spermidine-longevity.mdx","4"
"content/supplements/urolithin-a-mitopure-guide.mdx","4"
"content/wearables/apple-watch-health-features.mdx","2|3|4"
"content/wearables/best-continuous-glucose-monitors.mdx","1"
"content/wearables/best-fitness-trackers-longevity.mdx","1|2|4"
"content/wearables/dexcom-stelo-review.mdx","1|3|4"
"content/wearables/garmin-fenix-7-review.mdx","1|2|4"
"content/wearables/garmin-vs-whoop-comparison.mdx","2|4"
"content/wearables/oura-ring-gen3-review.mdx","1|2|3|4"
"content/wearables/whoop-4-review.mdx","2|4"
"content/wearables/whoop-vs-oura-comparison.mdx","1|2|4"
