route,status,title,description,canonical,h1,wordCount,source
"/",200,"Longevity Intel — Science-Backed Longevity Reviews &amp; Protocols","Evidence-focused supplement comparisons, wearable and recovery guides, protocols, and a research database — organised so you can weigh sources, limitations, and trade-offs.","https://thelongevityintel.com",1,1273,"out\\index.html"
"/get-started",200,"Build Your Longevity Plan — Beginner Path | Longevity Intel","A guided 5-step longevity path: baseline testing, sleep, Zone 2 cardio, nutrition, and a tiered supplement stack. Personalised for your goal and budget.","https://thelongevityintel.com/get-started",1,173,"out\\get-started.html"
"/database",200,"Longevity Intel — Science-Backed Longevity Reviews","Evidence-focused guides on supplements, wearables, diagnostics, and longevity protocols, with sources and limitations made visible.","https://thelongevityintel.com/database",1,5099,"out\\database.html"
"/protocols",200,"Expert Longevity Protocols | Longevity Intel","The complete supplement stacks and lifestyle protocols from the world&#x27;s leading longevity experts — Andrew Huberman, Bryan Johnson, and David Sinclair.","https://thelongevityintel.com/protocols",1,299,"out\\protocols.html"
"/quiz",200,"Biological Age Quiz — Free Longevity Assessment | Longevity Intel","Answer 10 science-backed questions and get an estimated biological age plus a personalised protocol. Free, no sign-up.","https://thelongevityintel.com/quiz",1,135,"out\\quiz.html"
"/best",200,"Best Longevity Products &amp; Protocols — Expert-Ranked Picks | Longevity Intel","Longevity supplement, wearable, recovery-device, and protocol comparisons with sources, selection criteria, and limitations.","https://thelongevityintel.com/best",1,845,"out\\best.html"
"/compare",200,"Longevity Comparisons — NMN vs NR, WHOOP vs Oura &amp; More | Longevity Intel","Decision matrix for longevity: NMN vs NR, WHOOP vs Oura, sauna types, magnesium forms, creatine vs HMB, and cold plunge vs DIY — with clear verdicts.","https://thelongevityintel.com/compare",1,442,"out\\compare.html"
"/glossary",200,"Biomarker Glossary — Longevity Terms Explained | Longevity Intel","Plain-English explanations of the biomarkers, tests, and scientific terms used in longevity medicine — HRV, ApoB, NAD+, VO2 max, and more.","https://thelongevityintel.com/glossary",1,1040,"out\\glossary.html"
"/authors",200,"Editorial Team &amp; Attribution Policy | Longevity Intel","Learn how Longevity Intel attributes articles and records contributor credentials and medical review.","https://thelongevityintel.com/authors",1,209,"out\\authors.html"
"/about",200,"About Longevity Intel — Editorial Policy &amp; Methodology | Longevity Intel","How Longevity Intel researches, compares, and maintains guides on supplements, wearables, and longevity protocols.","https://thelongevityintel.com/about",1,444,"out\\about.html"
"/contact",200,"Contact | Longevity Intel","Contact Longevity Intel for partnerships, product review submissions, editorial enquiries, and press.","https://thelongevityintel.com/contact",1,196,"out\\contact.html"
"/privacy",200,"Privacy Policy | Longevity Intel","How Longevity Intel collects, uses, and protects your personal data.","https://thelongevityintel.com/privacy",1,700,"out\\privacy.html"
"/terms",200,"Terms of Service | Longevity Intel","Terms of service for using Longevity Intel.","https://thelongevityintel.com/terms",1,451,"out\\terms.html"
"/category/supplements",200,"Supplement Reviews | Longevity Intel","Evidence-based reviews of longevity supplements, tested and ranked by our research team.","https://thelongevityintel.com/category/supplements",1,1330,"out\\category\\supplements.html"
"/category/wearables",200,"Wearable Tech Reviews | Longevity Intel","In-depth reviews of health tracking wearables, CGMs, and diagnostic devices.","https://thelongevityintel.com/category/wearables",1,552,"out\\category\\wearables.html"
"/category/recovery",200,"Recovery &amp; Biohacking | Longevity Intel","Expert reviews of red light therapy panels, home saunas, cold plunges, and recovery devices.","https://thelongevityintel.com/category/recovery",1,933,"out\\category\\recovery.html"
"/category/diagnostics",200,"Diagnostic Tests | Longevity Intel","Reviews of at-home and lab diagnostic panels for longevity optimisation.","https://thelongevityintel.com/category/diagnostics",1,514,"out\\category\\diagnostics.html"
"/category/protocols",200,"Longevity Protocols | Longevity Intel","Science-backed protocols for sleep, exercise, nutrition, and stress management.","https://thelongevityintel.com/category/protocols",1,1226,"out\\category\\protocols.html"
"/category/best",200,"Best Picks | Longevity Intel","Our top recommendations, curated for maximum impact on health and longevity.","https://thelongevityintel.com/category/best",1,811,"out\\category\\best.html"
"/sleep",200,"Sleep Optimization for Longevity | Longevity Intel","Science-backed sleep protocols, tools, and stacks — the highest-leverage intervention in longevity medicine.","https://thelongevityintel.com/sleep",1,1130,"out\\sleep.html"
"/cardio",200,"Zone 2 Cardio &amp; VO₂ Max Protocol | Longevity Intel","Interactive Zone 2 heart-rate calculator and longevity cardio protocol — the foundation for VO₂ max and healthspan.","https://thelongevityintel.com/cardio",1,1044,"out\\cardio.html"
"/nutrition",200,"Longevity Nutrition Framework | Longevity Intel","Evidence-first nutrition for healthspan: protein timing, fasting, micronutrients, and frameworks without diet ideology.","https://thelongevityintel.com/nutrition",1,907,"out\\nutrition.html"
"/stress-resilience",200,"Stress Resilience Protocols | Longevity Intel","Meditation, breathwork, adaptogens, and lifestyle tools to lower allostatic load and protect long-term health.","https://thelongevityintel.com/stress-resilience",1,1073,"out\\stress-resilience.html"
"/exotic-methods",200,"Advanced Longevity Methods | Longevity Intel","Peptides, NAD+ IV, rapamycin, and other advanced longevity interventions — evidence, risks, and practical framing.","https://thelongevityintel.com/exotic-methods",1,875,"out\\exotic-methods.html"
"/compare/nmn-vs-nr",200,"NMN vs NR: Human Evidence, Limits &amp; Safety | Longevity Intel","A source-linked comparison of NMN and NR human trials, studied populations, outcomes, safety limits, and unanswered longevity questions.","https://thelongevityintel.com/compare/nmn-vs-nr",1,707,"out\\compare\\nmn-vs-nr.html"
"/compare/whoop-vs-oura",200,"WHOOP 4.0 vs Oura Ring Gen 3: Which Wearable Wins? (2026) | Longevity Intel","A complete head-to-head comparison of WHOOP 4.0 and Oura Ring Gen 3 for longevity tracking — HRV accuracy, sleep staging, form factor, and pricing after 6 months wearing both simultaneously.","https://thelongevityintel.com/compare/whoop-vs-oura",1,1006,"out\\compare\\whoop-vs-oura.html"
"/compare/sauna-types",200,"Infrared vs Traditional Sauna: Full Comparison | Longevity Intel","Compare infrared and traditional sauna approaches, including temperature, comfort, cost, and practical trade-offs.","https://thelongevityintel.com/compare/sauna-types",1,671,"out\\compare\\sauna-types.html"
"/compare/magnesium-forms",200,"Magnesium Glycinate vs L-Threonate vs Malate: Which Form Wins? (2026) | Longevity Intel","The form of magnesium matters enormously for absorption and effect. Full evidence-based comparison of glycinate, L-threonate, and malate — which one for sleep, which for cognition, which for energy.","https://thelongevityintel.com/compare/magnesium-forms",1,940,"out\\compare\\magnesium-forms.html"
"/compare/creatine-vs-hmb",200,"Creatine vs HMB: Which Anti-Sarcopenic Supplement Wins? (2026) | Longevity Intel","A complete evidence-based comparison of creatine monohydrate and HMB for preserving muscle mass with age. Study counts, mechanisms, pricing, and our verdict.","https://thelongevityintel.com/compare/creatine-vs-hmb",1,943,"out\\compare\\creatine-vs-hmb.html"
"/compare/cold-plunge-vs-ice-bath",200,"Cold Plunge vs DIY Ice Bath: Is a $5,000 Tub Worth It? (2026) | Longevity Intel","A complete cost and performance comparison of dedicated cold plunge tubs versus a DIY chest freezer ice bath. Temperature control, filtration, maintenance, and our verdict.","https://thelongevityintel.com/compare/cold-plunge-vs-ice-bath",1,852,"out\\compare\\cold-plunge-vs-ice-bath.html"
"/compare/cardio-modalities",200,"Cardio Modalities Compared for Longevity | Longevity Intel","Compare Zone 2 cardio modalities by accessibility, injury risk, fitness effect, and practical longevity trade-offs.","https://thelongevityintel.com/compare/cardio-modalities",1,1009,"out\\compare\\cardio-modalities.html"
"/compare/meditation-apps",200,"Meditation Apps: Honest Comparison | Longevity Intel","Compare meditation apps by approach, evidence, cost, and use cases so you can choose a practical fit.","https://thelongevityintel.com/compare/meditation-apps",1,707,"out\\compare\\meditation-apps.html"
"/authors/editorial-team",200,"Longevity Intel Editors — Editorial Team | Longevity Intel","Collaborative articles researched and maintained by the Longevity Intel editorial team. Medical review is shown only when a named reviewer and review date are recorded for the article. Credentials: Editorial attribution; no medical credential claimed.","https://thelongevityintel.com/authors/editorial-team",1,4391,"out\\authors\\editorial-team.html"
"/best/best-longevity-supplements",200,"10 Best Longevity Supplements 2026, Ranked by Evidence | Longevity Intel","Best longevity supplements ranked by human evidence: creatine, omega-3, vitamin D, magnesium, NMN, and more — plus how they fit a tiered stack.","https://thelongevityintel.com/best/best-longevity-supplements",1,1206,"out\\best\\best-longevity-supplements.html"
"/best/best-wearables-longevity-2024",200,"Best Wearables for Longevity 2026: HRV, Sleep &amp; Metabolic Tracking | Longevity Intel","Best longevity wearables ranked: WHOOP, Oura, Garmin, and Dexcom Stelo for HRV, sleep staging, recovery, and glucose insights.","https://thelongevityintel.com/best/best-wearables-longevity-2024",1,1314,"out\\best\\best-wearables-longevity-2024.html"
"/best/complete-longevity-stack",200,"Complete Longevity Supplement Stack 2026: What to Take, When, Why | Longevity Intel","Evidence-ranked longevity supplement stack by tier: vitamin D, magnesium, omega-3, creatine, NMN, and more — with doses, timing, monthly cost, and what to skip.","https://thelongevityintel.com/best/complete-longevity-stack",1,2288,"out\\best\\complete-longevity-stack.html"
"/protocols/sleep-hygiene-protocol",200,"Sleep Hygiene Protocol: 20 Evidence-Based Changes Ranked by Impact | Longevity Intel","Complete sleep hygiene protocol for longevity: 20 ranked changes for deep sleep, circadian rhythm, and recovery. Start with wake time, morning light, and cool dark room.","https://thelongevityintel.com/protocols/sleep-hygiene-protocol",1,2863,"out\\protocols\\sleep-hygiene-protocol.html"
"/recovery/best-home-saunas-infrared-2024",200,"Best Infrared Home Saunas of 2026: Tested &amp; Ranked | Longevity Intel","Best home infrared saunas ranked for longevity: full-spectrum vs far-IR, EMF, build quality, and value. Sunlighten, Clearlight, and portable options compared.","https://thelongevityintel.com/recovery/best-home-saunas-infrared-2024",1,2201,"out\\recovery\\best-home-saunas-infrared-2024.html"
"/recovery/best-red-light-therapy-panels-2024",200,"Best Red Light Therapy Panels of 2026: Power, Wavelength &amp; Value | Longevity Intel","Best red light therapy panels ranked by irradiance, 660/850nm accuracy, EMF, and price. MitoPRO, Joovv, and BioMax compared for recovery and longevity use.","https://thelongevityintel.com/recovery/best-red-light-therapy-panels-2024",1,1972,"out\\recovery\\best-red-light-therapy-panels-2024.html"
"/recovery/cold-plunge-ice-bath-review",200,"Best Cold Plunges of 2026: Tested for Recovery &amp; Longevity | Longevity Intel","Best cold plunges and ice baths ranked for temperature, filtration, and value — from DIY chest freezers to The Plunge Pro and Morozko. Plus timing around training.","https://thelongevityintel.com/recovery/cold-plunge-ice-bath-review",1,1517,"out\\recovery\\cold-plunge-ice-bath-review.html"
"/recovery/joovv-solo-3-review",200,"Joovv Solo 3.0 Review 2026: Is Premium Red Light Worth It? | Longevity Intel","Joovv Solo 3.0 review for longevity: app control, modular expansion, irradiance vs MitoPRO, and whether the ecosystem justifies the price premium.","https://thelongevityintel.com/recovery/joovv-solo-3-review",1,2037,"out\\recovery\\joovv-solo-3-review.html"
"/recovery/mito-red-light-mitopro-1500-review",200,"MitoPRO 1500 Review 2026: Best Value Red Light Panel | Longevity Intel","Mito Red Light MitoPRO 1500 review: measured irradiance, 660/850nm accuracy, EMF, and why it tops our red light therapy rankings vs Joovv.","https://thelongevityintel.com/recovery/mito-red-light-mitopro-1500-review",1,2115,"out\\recovery\\mito-red-light-mitopro-1500-review.html"
"/supplements/best-creatine-supplements",200,"Best Creatine for Longevity 2026: Muscle, Brain &amp; Performance | Longevity Intel","Best creatine monohydrate for longevity: forms, 3-5g dosing, cognitive evidence, and why monohydrate beats HCl marketing claims.","https://thelongevityintel.com/supplements/best-creatine-supplements",1,1655,"out\\supplements\\best-creatine-supplements.html"
"/supplements/best-magnesium-supplements",200,"Best Magnesium Supplements 2026: Glycinate vs Threonate vs Malate | Longevity Intel","Best magnesium forms for longevity: glycinate for sleep, L-threonate for cognition, malate for energy. Dosing and stack pairing with vitamin D.","https://thelongevityintel.com/supplements/best-magnesium-supplements",1,1589,"out\\supplements\\best-magnesium-supplements.html"
"/supplements/best-nmn-supplements-2024",200,"Best NMN Supplements of 2026: Expert-Tested &amp; Ranked | Longevity Intel","Best NMN supplements ranked for purity, dose, third-party testing, and value. Compare ProHealth, Double Wood, and NR alternatives — plus how NMN fits a longevity stack.","https://thelongevityintel.com/supplements/best-nmn-supplements-2024",1,1809,"out\\supplements\\best-nmn-supplements-2024.html"
"/supplements/best-omega-3-fish-oil",200,"Best Omega-3 Fish Oil 2026: Ranked by Purity &amp; Potency | Longevity Intel","Best omega-3 fish oil for longevity: IFOS purity, EPA+DHA dose, triglyceride form, and how to pick Carlson, Nordic Naturals, or alternatives without rancid oil.","https://thelongevityintel.com/supplements/best-omega-3-fish-oil",1,1224,"out\\supplements\\best-omega-3-fish-oil.html"
"/supplements/best-vitamin-d3-k2",200,"Best Vitamin D3 + K2 Supplements 2026: Dose, Forms &amp; Testing | Longevity Intel","Best vitamin D3 + K2 (MK-7) stack for longevity: serum targets, dosing by latitude and skin tone, K2 forms, and why magnesium is a required cofactor.","https://thelongevityintel.com/supplements/best-vitamin-d3-k2",1,1643,"out\\supplements\\best-vitamin-d3-k2.html"
"/wearables/oura-ring-gen3-review",200,"Oura Ring Gen 3 Review 2026: Best Sleep Tracker for Longevity? | Longevity Intel","Oura Ring Gen 3 review: sleep staging accuracy, readiness, temperature illness detection, subscription cost, and WHOOP comparison for longevity use.","https://thelongevityintel.com/wearables/oura-ring-gen3-review",1,1539,"out\\wearables\\oura-ring-gen3-review.html"
"/wearables/whoop-4-review",200,"WHOOP 4.0 Review 2026: HRV &amp; Recovery for Longevity | Longevity Intel","WHOOP 4.0 review after 12 months: HRV accuracy vs ECG, recovery scoring, sleep, subscription cost, and how it compares to Oura for longevity.","https://thelongevityintel.com/wearables/whoop-4-review",1,2270,"out\\wearables\\whoop-4-review.html"
"/wearables/whoop-vs-oura-comparison",200,"WHOOP vs Oura 2026: Which Longevity Wearable Wins? | Longevity Intel","WHOOP 4.0 vs Oura Ring Gen 3 for longevity: HRV accuracy, sleep staging, recovery scores, cost, and form factor after 6 months of simultaneous wear.","https://thelongevityintel.com/wearables/whoop-vs-oura-comparison",1,1793,"out\\wearables\\whoop-vs-oura-comparison.html"
"/protocols/bryan-johnson-biological-age-explained",200,"Bryan Johnson&#x27;s Biological Age, Explained: DunedinPACE, TruAge &amp; What the Numbers Actually Mean | Longevity Intel","Bryan Johnson reports a DunedinPACE score of 0.69 and organ ages below his chronological age. Here&#x27;s what those specific numbers mean, how they&#x27;re measured, and where the science is solid versus still emerging.","https://thelongevityintel.com/protocols/bryan-johnson-biological-age-explained",1,1589,"out\\protocols\\bryan-johnson-biological-age-explained.html"
"/protocols/protein-timing-leucine-threshold",200,"Protein Timing for Longevity: Why 3 Meals of 30g Beats One Big Steak | Longevity Intel","Older adults need roughly double the protein-per-meal threshold that young adults do to actually build muscle. Here&#x27;s the leucine science behind why distribution matters as much as total daily intake — and how to structure your meals accordingly.","https://thelongevityintel.com/protocols/protein-timing-leucine-threshold",1,1398,"out\\protocols\\protein-timing-leucine-threshold.html"
"/supplements/curcumin-longevity-guide",200,"Curcumin for Longevity: Strong Anti-Inflammatory Evidence, But Bioavailability Is Everything | Longevity Intel","A meta-analysis of nearly 6,000 participants shows curcumin meaningfully lowers CRP, IL-6, and TNF-α. But standard turmeric supplements barely absorb — here&#x27;s which formulations actually work and why the delivery system matters more than the dose.","https://thelongevityintel.com/supplements/curcumin-longevity-guide",1,1366,"out\\supplements\\curcumin-longevity-guide.html"
"/supplements/urolithin-a-mitopure-guide",200,"Urolithin A (Mitopure): The Mitophagy Compound With Real Human Trial Data | Longevity Intel","Urolithin A is one of the few longevity compounds with multiple published human RCTs behind it — improved muscle strength, endurance, and immune cell function. Here&#x27;s what four separate trials actually show, and what they don&#x27;t.","https://thelongevityintel.com/supplements/urolithin-a-mitopure-guide",1,1573,"out\\supplements\\urolithin-a-mitopure-guide.html"
"/protocols/dont-die-movement-explained",200,"Bryan Johnson&#x27;s &#x27;Don&#x27;t Die&#x27; Movement, Explained: What It Is and What You Can Actually Use | Longevity Intel","Bryan Johnson has expanded Blueprint into something bigger — a philosophy, a Netflix documentary, and a self-described &#x27;religion&#x27; called Don&#x27;t Die. Here&#x27;s what it actually is, separated from the headlines, and which parts are worth applying to your own protocol.","https://thelongevityintel.com/protocols/dont-die-movement-explained",1,1515,"out\\protocols\\dont-die-movement-explained.html"
"/supplements/lithium-orotate-ndga-2026",200,"Lithium Orotate &amp; NDGA: The Two Compounds Bryan Johnson Added to Blueprint in 2026 | Longevity Intel","Bryan Johnson dropped rapamycin and added microdose lithium orotate plus NDGA to his Blueprint stack in 2026. Here&#x27;s what the evidence actually says about both — and why one is backed by mouse data and the other by drinking-water epidemiology.","https://thelongevityintel.com/supplements/lithium-orotate-ndga-2026",1,1941,"out\\supplements\\lithium-orotate-ndga-2026.html"
"/protocols/longevity-cooking-guide",200,"Longevity Cooking: How to Prepare Food That Supports a Long Life | Longevity Intel","The way you cook food matters almost as much as what you cook. AGEs, cooking oils, nutrient preservation, meal timing — this is the practical kitchen guide to cooking for longevity.","https://thelongevityintel.com/protocols/longevity-cooking-guide",1,2300,"out\\protocols\\longevity-cooking-guide.html"
"/supplements/gut-health-longevity",200,"Gut Health and Longevity: The Microbiome Connection Beyond Probiotics | Longevity Intel","The gut microbiome isn&#x27;t just about digestion — it regulates immunity, inflammation, brain function, and biological ageing. This is the deep dive into what the evidence shows and how to build a longevity-supporting gut.","https://thelongevityintel.com/supplements/gut-health-longevity",1,2164,"out\\supplements\\gut-health-longevity.html"
"/protocols/blue-zones-lifestyle-guide",200,"Blue Zones: What the World&#x27;s Longest-Lived People Actually Do | Longevity Intel","Dan Buettner identified five regions where people routinely live past 100 in good health. The patterns they share aren&#x27;t about supplements or biohacking — they&#x27;re about how life is structured. Here&#x27;s what the evidence actually shows.","https://thelongevityintel.com/protocols/blue-zones-lifestyle-guide",1,2158,"out\\protocols\\blue-zones-lifestyle-guide.html"
"/protocols/caloric-restriction-guide",200,"Caloric Restriction for Longevity: The Evidence, the Practice, and the Limits | Longevity Intel","Caloric restriction is the most reproducible lifespan extension intervention across species. Here&#x27;s what four decades of research actually shows — and the practical framework for humans who want the benefits without the misery.","https://thelongevityintel.com/protocols/caloric-restriction-guide",1,1976,"out\\protocols\\caloric-restriction-guide.html"
"/recovery/massage-bodywork-recovery",200,"Massage and Bodywork for Longevity: What the Evidence Shows | Longevity Intel","Massage is often dismissed as a luxury. The research tells a different story — regular massage reduces cortisol, improves sleep, lowers blood pressure, and accelerates exercise recovery. Here&#x27;s what the evidence supports.","https://thelongevityintel.com/recovery/massage-bodywork-recovery",1,2033,"out\\recovery\\massage-bodywork-recovery.html"
"/best/how-to-find-longevity-doctor",200,"How to Find a Longevity Doctor: What to Look For, What to Ask, and What to Avoid | Longevity Intel","Standard medicine is optimised for treating disease. Longevity medicine is optimised for preventing it decades in advance. Finding the right physician makes everything else more effective. Here&#x27;s how.","https://thelongevityintel.com/best/how-to-find-longevity-doctor",1,1974,"out\\best\\how-to-find-longevity-doctor.html"
"/supplements/rapamycin-longevity-guide",200,"Rapamycin for Longevity: The mTOR Inhibitor That Extended Lifespan in Every Species Tested | Longevity Intel","Rapamycin is the only drug that has reproducibly extended lifespan in mammals when given late in life. It&#x27;s the most discussed longevity drug in serious research circles. Here&#x27;s the evidence and the honest risk assessment.","https://thelongevityintel.com/supplements/rapamycin-longevity-guide",1,1872,"out\\supplements\\rapamycin-longevity-guide.html"
"/best/longevity-for-women",200,"Longevity for Women: The Complete Guide to the Underserved Half of the Field | Longevity Intel","Most longevity research has been conducted in men. The female biology of ageing is genuinely different — from hormonal transitions to cardiovascular risk patterns. Here&#x27;s the evidence-based guide built for women.","https://thelongevityintel.com/best/longevity-for-women",1,2315,"out\\best\\longevity-for-women.html"
"/protocols/strength-training-periodisation",200,"Strength Training Periodisation for Longevity: How to Programme for Decades, Not Months | Longevity Intel","Most training programmes are built for short-term progress. Longevity strength training is different — it optimises for decades of consistent gains while minimising injury and preserving joint health. Here&#x27;s the framework.","https://thelongevityintel.com/protocols/strength-training-periodisation",1,2288,"out\\protocols\\strength-training-periodisation.html"
"/protocols/stress-longevity-protocol",200,"Stress and Longevity: Why Chronic Stress Ages You and What to Do About It | Longevity Intel","Chronic psychological stress accelerates biological ageing by 2–3 years per decade. Here&#x27;s the mechanism, the measurement, and the evidence-based protocol for stress resilience.","https://thelongevityintel.com/protocols/stress-longevity-protocol",1,1958,"out\\protocols\\stress-longevity-protocol.html"
"/best/best-longevity-travel",200,"Longevity Travel: How to Protect Your Health When Flying, Crossing Time Zones, and Living on the Road | Longevity Intel","Travel is one of the biggest disruptors of sleep, circadian rhythm, nutrition, and exercise habits. Here&#x27;s how high-performance travellers maintain their longevity protocols on the road.","https://thelongevityintel.com/best/best-longevity-travel",1,2302,"out\\best\\best-longevity-travel.html"
"/protocols/longevity-nutrition-framework",200,"The Longevity Nutrition Framework: What the Best Evidence Actually Recommends | Longevity Intel","Forget diet wars. The longevity nutrition evidence points clearly in a few directions — high protein, Mediterranean pattern, time-restricted eating, and processed food elimination. Here&#x27;s the framework that synthesises the best research.","https://thelongevityintel.com/protocols/longevity-nutrition-framework",1,2323,"out\\protocols\\longevity-nutrition-framework.html"
"/protocols/hormone-optimization-guide",200,"Hormone Optimization for Longevity: Testosterone, Estrogen, Thyroid, and Beyond | Longevity Intel","Hormonal decline is one of the most impactful and underaddressed drivers of biological ageing. Here&#x27;s the evidence on which hormones matter, how to assess them, and what the options are for optimisation.","https://thelongevityintel.com/protocols/hormone-optimization-guide",1,2394,"out\\protocols\\hormone-optimization-guide.html"
"/protocols/light-therapy-circadian-protocol",200,"Light Therapy and Circadian Optimization: The Complete Protocol | Longevity Intel","Light is the most powerful zeitgeber — the primary signal that sets your circadian clock. Getting light right is free, takes minutes, and dramatically improves sleep, energy, and metabolic health. Here&#x27;s the science-backed protocol.","https://thelongevityintel.com/protocols/light-therapy-circadian-protocol",1,2283,"out\\protocols\\light-therapy-circadian-protocol.html"
"/supplements/peptides-longevity-guide",200,"Peptides for Longevity: BPC-157, TB-500, Epithalon, and What the Evidence Shows | Longevity Intel","Peptide therapy is the frontier of longevity medicine — used extensively in elite sports medicine and anti-aging clinics. Here&#x27;s an honest guide to the evidence, risks, and regulatory status.","https://thelongevityintel.com/supplements/peptides-longevity-guide",1,2236,"out\\supplements\\peptides-longevity-guide.html"
"/protocols/zone2-training-deep-dive",200,"Zone 2 Training: The Science of the Most Important Cardio You&#x27;re Probably Not Doing | Longevity Intel","Zone 2 is the longevity cardio protocol used by Inigo San Millan and every serious longevity physician. Here&#x27;s the exact science, how to find your zone, and why most people train too hard.","https://thelongevityintel.com/protocols/zone2-training-deep-dive",1,2741,"out\\protocols\\zone2-training-deep-dive.html"
"/supplements/nad-boosters-complete-guide",200,"NAD+ Boosters: NMN, NR, Niacin — The Complete Guide to Raising NAD+ | Longevity Intel","NAD+ declines 50% between age 20 and 60. Every longevity pathway — sirtuins, PARP, mitochondrial function — depends on it. Here&#x27;s the science of raising NAD+ and which approach actually works.","https://thelongevityintel.com/supplements/nad-boosters-complete-guide",1,2322,"out\\supplements\\nad-boosters-complete-guide.html"
"/best/best-longevity-labs",200,"Best Blood Testing Labs for Longevity: Where to Order Advanced Biomarkers | Longevity Intel","Standard GP blood tests miss the biomarkers that actually matter for longevity. These are the labs that let you order advanced panels — ApoB, Lp(a), fasting insulin, full hormones — directly, without a physician gatekeeping your data.","https://thelongevityintel.com/best/best-longevity-labs",1,1970,"out\\best\\best-longevity-labs.html"
"/protocols/cold-shower-protocol",200,"Cold Shower Protocol: The Beginner&#x27;s Guide to Cold Exposure Without the Ice Bath | Longevity Intel","Cold plunges get the headlines but cold showers are where most people should start. Here&#x27;s the evidence-based progression from warm shower to full cold exposure — and what you actually gain from each stage.","https://thelongevityintel.com/protocols/cold-shower-protocol",1,2319,"out\\protocols\\cold-shower-protocol.html"
"/supplements/collagen-supplements",200,"Collagen Supplements: What the Science Says About Joints, Skin, and Longevity | Longevity Intel","Collagen is the most abundant protein in the body. Supplementation has genuine evidence for joint pain and skin elasticity — but the mechanism is counterintuitive. Here&#x27;s what actually works and what doesn&#x27;t.","https://thelongevityintel.com/supplements/collagen-supplements",1,2075,"out\\supplements\\collagen-supplements.html"
"/supplements/quercetin-fisetin-senolytics",200,"Quercetin and Fisetin: The Senolytic Supplements That Clear Zombie Cells | Longevity Intel","Senescent cells — &#x27;zombie cells&#x27; that refuse to die — drive ageing and age-related disease. Quercetin and fisetin are the most accessible senolytics available. Here&#x27;s the evidence and the exact protocol.","https://thelongevityintel.com/supplements/quercetin-fisetin-senolytics",1,2023,"out\\supplements\\quercetin-fisetin-senolytics.html"
"/supplements/berberine-vs-metformin",200,"Berberine vs Metformin: Nature&#x27;s Metformin or Overhyped Supplement? | Longevity Intel","Berberine has been called &#x27;nature&#x27;s metformin&#x27; — an OTC compound with similar AMPK-activating mechanisms. The comparison is legitimate but the nuances matter. Here&#x27;s the full head-to-head.","https://thelongevityintel.com/supplements/berberine-vs-metformin",1,1938,"out\\supplements\\berberine-vs-metformin.html"
"/diagnostics/microbiome-testing-guide",200,"Microbiome Testing: What It Can (and Can&#x27;t) Tell You About Your Longevity | Longevity Intel","Your gut microbiome influences immunity, metabolism, inflammation, and even cognition. Microbiome testing has arrived at consumer level — but what does it actually tell you, and what should you do with the data?","https://thelongevityintel.com/diagnostics/microbiome-testing-guide",1,2114,"out\\diagnostics\\microbiome-testing-guide.html"
"/wearables/garmin-vs-whoop-comparison",200,"Garmin vs WHOOP: Which Training Wearable Is Right for Longevity? | Longevity Intel","Garmin and WHOOP take fundamentally different approaches to health tracking. Garmin is a GPS sports computer that also tracks health. WHOOP is a recovery platform that also tracks activity. Here&#x27;s the head-to-head for longevity-focused users.","https://thelongevityintel.com/wearables/garmin-vs-whoop-comparison",1,1999,"out\\wearables\\garmin-vs-whoop-comparison.html"
"/supplements/alpha-lipoic-acid",200,"Alpha-Lipoic Acid: The Universal Antioxidant With a Nuanced Longevity Profile | Longevity Intel","Alpha-lipoic acid works in both fat and water — making it uniquely versatile among antioxidants. Strong evidence for metabolic health and neuroprotection. But the longevity picture is more complex than supplement labels suggest.","https://thelongevityintel.com/supplements/alpha-lipoic-acid",1,1810,"out\\supplements\\alpha-lipoic-acid.html"
"/protocols/grounding-earthing-protocol",200,"Grounding and Earthing: What the Science Actually Says | Longevity Intel","Earthing — direct skin contact with the Earth&#x27;s surface — has genuine peer-reviewed research behind it. Inflammation reduction, sleep improvement, and cortisol regulation. Here&#x27;s the honest evidence.","https://thelongevityintel.com/protocols/grounding-earthing-protocol",1,1911,"out\\protocols\\grounding-earthing-protocol.html"
"/best/best-home-gym-longevity",200,"Best Home Gym for Longevity: Equipment Ranked by Impact Per Dollar | Longevity Intel","You don&#x27;t need a full commercial gym to build a longevity training setup. These are the pieces of equipment that deliver the highest health impact — ranked by evidence and cost-effectiveness.","https://thelongevityintel.com/best/best-home-gym-longevity",1,2292,"out\\best\\best-home-gym-longevity.html"
"/best/best-longevity-apps",200,"Best Longevity Apps: The Tools That Actually Help You Live Longer | Longevity Intel","The longevity app market is full of noise. These are the apps with genuine utility — for tracking, optimising, and understanding the inputs that drive healthspan.","https://thelongevityintel.com/best/best-longevity-apps",1,2028,"out\\best\\best-longevity-apps.html"
"/diagnostics/dexa-scan-guide",200,"DEXA Scan for Body Composition: The Most Important Test Most People Skip | Longevity Intel","DEXA scanning measures muscle mass, bone density, and visceral fat with clinical precision. It&#x27;s the body composition test many longevity physicians call essential. Here&#x27;s what to measure, how often, and what the numbers mean.","https://thelongevityintel.com/diagnostics/dexa-scan-guide",1,1930,"out\\diagnostics\\dexa-scan-guide.html"
"/supplements/metformin-longevity-guide",200,"Metformin for Longevity: The TAME Trial, the Evidence, and What Doctors Actually Think | Longevity Intel","Metformin is the world&#x27;s most prescribed diabetes drug — and potentially the first drug to be formally tested as a longevity intervention. Here&#x27;s the honest evidence and the ongoing debate.","https://thelongevityintel.com/supplements/metformin-longevity-guide",1,1788,"out\\supplements\\metformin-longevity-guide.html"
"/supplements/lions-mane-mushroom",200,"Lion&#x27;s Mane Mushroom: The NGF-Boosting Fungus With Real Clinical Data | Longevity Intel","Lion&#x27;s mane is the only natural compound known to stimulate nerve growth factor synthesis in the brain. Here&#x27;s the full science, optimal dosing, and what to look for in a supplement.","https://thelongevityintel.com/supplements/lions-mane-mushroom",1,2068,"out\\supplements\\lions-mane-mushroom.html"
"/best/best-nootropics-longevity",200,"Best Nootropics for Cognitive Longevity: What Actually Works | Longevity Intel","Most nootropics are hype. A small number have genuine clinical evidence for protecting and enhancing brain health as you age. Here&#x27;s the evidence-based shortlist.","https://thelongevityintel.com/best/best-nootropics-longevity",1,2126,"out\\best\\best-nootropics-longevity.html"
"/recovery/float-tank-sensory-deprivation",200,"Float Tank Therapy: What the Evidence Actually Shows About REST | Longevity Intel","Flotation REST (Restricted Environmental Stimulation Therapy) has genuine clinical data for pain, anxiety, and recovery. Here&#x27;s the research, the experience, and how to use it strategically.","https://thelongevityintel.com/recovery/float-tank-sensory-deprivation",1,2016,"out\\recovery\\float-tank-sensory-deprivation.html"
"/diagnostics/epigenetic-age-testing",200,"Epigenetic Age Testing: Biological Age Clocks Explained (DunedinPACE, Horvath, TruAge) | Longevity Intel","Your chronological age is fixed. Your biological age is not. Epigenetic clocks now measure it with remarkable precision. Here&#x27;s how they work, which test to buy, and what to do with the results.","https://thelongevityintel.com/diagnostics/epigenetic-age-testing",1,2006,"out\\diagnostics\\epigenetic-age-testing.html"
"/protocols/fasting-mimicking-diet",200,"The Fasting Mimicking Diet: Valter Longo&#x27;s 5-Day ProLon Protocol Explained | Longevity Intel","Valter Longo&#x27;s fasting mimicking diet triggers cellular rejuvenation, reduces biological age markers, and extends healthspan in clinical trials — without true fasting. The exact protocol and evidence.","https://thelongevityintel.com/protocols/fasting-mimicking-diet",1,1869,"out\\protocols\\fasting-mimicking-diet.html"
"/supplements/best-taurine-supplements",200,"Taurine: The 2023 Nature Study That Changed Everything | Longevity Intel","A 2023 Nature paper found taurine deficiency drives ageing across species — and supplementation extended lifespan in mice by 12%. Here&#x27;s what it means and whether you should supplement.","https://thelongevityintel.com/supplements/best-taurine-supplements",1,1750,"out\\supplements\\best-taurine-supplements.html"
"/supplements/best-resveratrol-pterostilbene",200,"Resveratrol vs Pterostilbene: Which Sirtuin Activator Is Worth Taking? | Longevity Intel","Resveratrol put longevity supplements on the map. Pterostilbene is its more bioavailable cousin. Here&#x27;s what the science actually shows — and which one to take.","https://thelongevityintel.com/supplements/best-resveratrol-pterostilbene",1,1647,"out\\supplements\\best-resveratrol-pterostilbene.html"
"/best/best-longevity-podcasts",200,"Best Longevity Podcasts: Where Scientists and Doctors Actually Talk Science | Longevity Intel","Skip the hype. These podcasts are where the best longevity researchers and physicians break down the real science — with citations, nuance, and honest uncertainty.","https://thelongevityintel.com/best/best-longevity-podcasts",1,1323,"out\\best\\best-longevity-podcasts.html"
"/wearables/apple-watch-health-features",200,"Apple Watch for Longevity: Health Features Ranked by Evidence | Longevity Intel","Apple Watch has 30+ health features. Most are marketing. These 7 are genuinely clinically meaningful — and two have FDA clearance. Here&#x27;s what actually matters.","https://thelongevityintel.com/wearables/apple-watch-health-features",1,1927,"out\\wearables\\apple-watch-health-features.html"
"/protocols/sauna-protocol",200,"Evidence-Based Sauna Protocol: How Often, How Hot, How Long | Longevity Intel","Finnish sauna use reduces all-cause mortality by 40%. But protocol matters — temperature, duration, frequency, and timing all affect outcomes. The exact protocol backed by the KIHD data.","https://thelongevityintel.com/protocols/sauna-protocol",1,1793,"out\\protocols\\sauna-protocol.html"
"/protocols/breathwork-protocols",200,"Breathwork Protocols for Longevity: Science-Backed Techniques That Actually Work | Longevity Intel","Breathing is the only autonomic function you can consciously control — and that makes it a direct lever on your nervous system, HRV, and stress response. The evidence-based protocols.","https://thelongevityintel.com/protocols/breathwork-protocols",1,1697,"out\\protocols\\breathwork-protocols.html"
"/supplements/spermidine-longevity",200,"Spermidine: The Autophagy-Boosting Compound With Surprising Longevity Data | Longevity Intel","Spermidine is one of the few compounds shown to extend lifespan in multiple organisms AND have human observational data. Here&#x27;s what the science says.","https://thelongevityintel.com/supplements/spermidine-longevity",1,1338,"out\\supplements\\spermidine-longevity.html"
"/supplements/best-coq10-ubiquinol",200,"Best CoQ10 Supplements: Ubiquinol vs Ubiquinone — Which Form Works? | Longevity Intel","CoQ10 is essential for mitochondrial energy production and declines with age. If you take a statin, you need it. Here&#x27;s the evidence and which form actually absorbs.","https://thelongevityintel.com/supplements/best-coq10-ubiquinol",1,1398,"out\\supplements\\best-coq10-ubiquinol.html"
"/best/best-longevity-clinics",200,"Best Longevity Clinics: Where to Get Comprehensive Health Optimization Testing | Longevity Intel","A new category of clinic goes far beyond the annual physical — comprehensive biomarker testing, imaging, genetic analysis, and personalized longevity protocols. Here&#x27;s what&#x27;s available.","https://thelongevityintel.com/best/best-longevity-clinics",1,1623,"out\\best\\best-longevity-clinics.html"
"/best/best-sleep-tools",200,"Best Sleep Optimization Tools: Mattresses, Trackers, Light &amp; Temperature | Longevity Intel","Sleep is the highest-leverage longevity intervention. We rank the best tools across every sleep category — from mattress tech to sleep trackers, light therapy, and cooling.","https://thelongevityintel.com/best/best-sleep-tools",1,1797,"out\\best\\best-sleep-tools.html"
"/diagnostics/longevity-biomarkers-guide",200,"The 12 Longevity Biomarkers You Should Be Tracking (And What They Mean) | Longevity Intel","Not all blood tests are equal. These 12 biomarkers predict healthspan better than standard annual panels — with reference ranges optimised for longevity, not just disease avoidance.","https://thelongevityintel.com/diagnostics/longevity-biomarkers-guide",1,1882,"out\\diagnostics\\longevity-biomarkers-guide.html"
"/supplements/best-rapamycin-guide",200,"Rapamycin for Longevity: The Most Promising (and Controversial) Anti-Aging Drug | Longevity Intel","Rapamycin extends lifespan in every organism tested — including middle-aged mice by 25%. Here&#x27;s what we know, what we don&#x27;t, and what physicians are actually doing.","https://thelongevityintel.com/supplements/best-rapamycin-guide",1,1513,"out\\supplements\\best-rapamycin-guide.html"
"/recovery/hyperbaric-oxygen-therapy",200,"Hyperbaric Oxygen Therapy (HBOT) for Longevity: What the Science Says | Longevity Intel","A Tel Aviv study showed HBOT lengthened telomeres and reduced senescent cells. Is this the real deal or expensive hype? Honest breakdown of the evidence.","https://thelongevityintel.com/recovery/hyperbaric-oxygen-therapy",1,1622,"out\\recovery\\hyperbaric-oxygen-therapy.html"
"/recovery/pemf-therapy-guide",200,"PEMF Therapy: Does Pulsed Electromagnetic Field Therapy Actually Work? | Longevity Intel","PEMF devices are sold for everything from pain relief to anti-aging. We cut through the hype with an honest look at what the research actually shows.","https://thelongevityintel.com/recovery/pemf-therapy-guide",1,1421,"out\\recovery\\pemf-therapy-guide.html"
"/supplements/best-ashwagandha-supplements",200,"Best Ashwagandha Supplements: KSM-66 vs Sensoril vs Standard Root | Longevity Intel","Ashwagandha is one of the few adaptogens with solid RCT data — for cortisol, anxiety, testosterone, and sleep. Here&#x27;s what the research shows and which form to buy.","https://thelongevityintel.com/supplements/best-ashwagandha-supplements",1,1487,"out\\supplements\\best-ashwagandha-supplements.html"
"/diagnostics/hrv-guide",200,"HRV Guide: How to Interpret Heart Rate Variability Without Overreading It | Longevity Intel","A source-linked guide to RMSSD, wearable measurement limits, personal baselines, and when HRV should—and should not—change a decision.","https://thelongevityintel.com/diagnostics/hrv-guide",1,1338,"out\\diagnostics\\hrv-guide.html"
"/supplements/best-berberine-supplements",200,"Best Berberine Supplements: The Natural Metformin Alternative | Longevity Intel","Berberine activates AMPK, lowers blood sugar as effectively as metformin, and has compelling anti-ageing data. We rank the best supplements and explain the science.","https://thelongevityintel.com/supplements/best-berberine-supplements",1,1458,"out\\supplements\\best-berberine-supplements.html"
"/protocols/strength-training-longevity",200,"Strength Training for Longevity: The Evidence-Based Protocol | Longevity Intel","Muscle mass is one of the strongest predictors of healthspan. The complete science and protocol for strength training that extends life, not just aesthetics.","https://thelongevityintel.com/protocols/strength-training-longevity",1,1692,"out\\protocols\\strength-training-longevity.html"
"/protocols/cold-exposure-protocol",200,"Cold Exposure Protocol: Ice Baths, Cold Showers &amp; the Science of Hormesis | Longevity Intel","Cold exposure activates brown fat, boosts norepinephrine 300%, and builds stress resilience. The evidence-based protocol for cold therapy — without the hype.","https://thelongevityintel.com/protocols/cold-exposure-protocol",1,1681,"out\\protocols\\cold-exposure-protocol.html"
"/best/best-longevity-books",200,"Best Longevity Books: The Reading List Every Biohacker Needs | Longevity Intel","The definitive longevity reading list — ranked by scientific rigour, practical value, and impact. Featuring David Sinclair and other leading voices in the field.","https://thelongevityintel.com/best/best-longevity-books",1,1465,"out\\best\\best-longevity-books.html"
"/recovery/compression-therapy-guide",200,"Compression Therapy for Recovery: Boots, Sleeves &amp; Pneumatic Devices Reviewed | Longevity Intel","Compression therapy accelerates recovery, reduces DOMS, and improves circulation. We break down the evidence and rank the best devices.","https://thelongevityintel.com/recovery/compression-therapy-guide",1,1460,"out\\recovery\\compression-therapy-guide.html"
"/diagnostics/vo2-max-testing-guide",200,"VO2 Max Testing: The Single Best Predictor of Longevity You Can Measure | Longevity Intel","VO2 max is the strongest independent predictor of all-cause mortality. Learn what it is, how to test it, and exactly how to improve it.","https://thelongevityintel.com/diagnostics/vo2-max-testing-guide",1,1726,"out\\diagnostics\\vo2-max-testing-guide.html"
"/protocols/longevity-exercise-protocol",200,"The Evidence-Based Longevity Exercise Protocol: Zone 2, VO2 Max &amp; Strength | Longevity Intel","The most comprehensive review of exercise for longevity — combining Zone 2 cardio, VO2 max intervals, strength training, and mobility into a weekly protocol.","https://thelongevityintel.com/protocols/longevity-exercise-protocol",1,1482,"out\\protocols\\longevity-exercise-protocol.html"
"/recovery/the-plunge-pro-review",200,"The Plunge Pro Review: Best Cold Plunge for Home Use | Longevity Intel","The Plunge Pro sets the standard for home cold immersion — chilling to 37°F with built-in filtration, app scheduling, and a design built to last decades. Our full test after 5 months.","https://thelongevityintel.com/recovery/the-plunge-pro-review",1,1785,"out\\recovery\\the-plunge-pro-review.html"
"/diagnostics/best-at-home-blood-tests-2024",200,"Best At-Home Blood Tests for Longevity: Ranked by Biomarker Depth | Longevity Intel","We compared 8 at-home blood testing services on biomarker coverage, accuracy, turnaround, and actionability. These are the panels worth ordering.","https://thelongevityintel.com/diagnostics/best-at-home-blood-tests-2024",1,1390,"out\\diagnostics\\best-at-home-blood-tests-2024.html"
"/wearables/best-fitness-trackers-longevity",200,"Best Fitness Trackers for Longevity in 2024: HRV, Sleep &amp; Recovery Ranked | Longevity Intel","We tested 8 fitness trackers for 6 months — measuring HRV accuracy, sleep staging, recovery scoring, and long-term health trend data. Here&#x27;s what actually works.","https://thelongevityintel.com/wearables/best-fitness-trackers-longevity",1,1772,"out\\wearables\\best-fitness-trackers-longevity.html"
"/recovery/sunlighten-mpulse-sauna-review",200,"Sunlighten mPulse Believe Review: The Most Advanced Home Sauna | Longevity Intel","The Sunlighten mPulse Believe is the only home sauna with full-spectrum infrared and programmable longevity protocols. After 6 months of weekly sessions, here&#x27;s our full verdict.","https://thelongevityintel.com/recovery/sunlighten-mpulse-sauna-review",1,2147,"out\\recovery\\sunlighten-mpulse-sauna-review.html"
"/best/best-recovery-devices-2024",200,"Best Recovery Devices for Longevity in 2024: Sauna, Cold Plunge &amp; Red Light Ranked | Longevity Intel","The best home recovery devices for longevity — ranked by evidence, value, and real-world effectiveness. Infrared saunas, cold plunges, and red light therapy panels reviewed.","https://thelongevityintel.com/best/best-recovery-devices-2024",1,1079,"out\\best\\best-recovery-devices-2024.html"
"/wearables/garmin-fenix-7-review",200,"Garmin Fenix 7 Review: The Best GPS Watch for Longevity Tracking | Longevity Intel","The Garmin Fenix 7 is the only GPS watch that takes longevity biomarkers seriously. After 8 months of daily wear, here is our full verdict on HRV Status, Body Battery, and VO2 max tracking.","https://thelongevityintel.com/wearables/garmin-fenix-7-review",1,2050,"out\\wearables\\garmin-fenix-7-review.html"
"/wearables/best-continuous-glucose-monitors",200,"Best CGMs for Non-Diabetics: Are They Worth It in 2024? | Longevity Intel","Continuous glucose monitors have gone mainstream for longevity optimization. We wore four devices for 90 days to find the best.","https://thelongevityintel.com/wearables/best-continuous-glucose-monitors",1,769,"out\\wearables\\best-continuous-glucose-monitors.html"
"/diagnostics/continuous-glucose-monitoring-guide",200,"CGM Guide for Non-Diabetics: What Your Glucose Data Actually Means | Longevity Intel","A complete guide to interpreting continuous glucose monitor data for longevity and metabolic health — what metrics matter, what&#x27;s normal, and what to do about spikes.","https://thelongevityintel.com/diagnostics/continuous-glucose-monitoring-guide",1,1160,"out\\diagnostics\\continuous-glucose-monitoring-guide.html"
"/recovery/clearlight-sanctuary-2-review",200,"Clearlight Sanctuary 2 Review: Ultra-Low EMF Infrared Sauna | Longevity Intel","The Clearlight Sanctuary 2 is the choice of EMF-sensitive buyers and physicians who want the lowest possible electromagnetic field exposure combined with premium far-infrared therapy.","https://thelongevityintel.com/recovery/clearlight-sanctuary-2-review",1,2183,"out\\recovery\\clearlight-sanctuary-2-review.html"
"/recovery/theragun-pro-gen6-review",200,"Theragun Pro Gen 6 Review: The Professional Standard for Percussive Therapy | Longevity Intel","The Theragun Pro Gen 6 delivers 16mm amplitude and 60 lbs of stall force — more than any competitor. After 6 months of daily use, here is our complete assessment of the professional-grade percussive therapy device.","https://thelongevityintel.com/recovery/theragun-pro-gen6-review",1,1985,"out\\recovery\\theragun-pro-gen6-review.html"
"/wearables/dexcom-stelo-review",200,"Dexcom Stelo Review: The First CGM Designed for Non-Diabetics | Longevity Intel","The Dexcom Stelo is the first FDA-cleared continuous glucose monitor for healthy adults. After wearing it for three 14-day cycles, here&#x27;s what we learned about metabolic health, glucose patterns, and whether it&#x27;s worth the cost.","https://thelongevityintel.com/wearables/dexcom-stelo-review",1,2065,"out\\wearables\\dexcom-stelo-review.html"
"/recovery/morozko-forge-review",200,"Morozko Forge Review: The Coldest, Most Premium Cold Plunge Available | Longevity Intel","The Morozko Forge chills to 33°F and can form actual ice. With ozone filtration and a commercial-grade compressor, it is the most extreme cold therapy system for home use.","https://thelongevityintel.com/recovery/morozko-forge-review",1,1814,"out\\recovery\\morozko-forge-review.html"
"/protocols/intermittent-fasting-longevity-guide",200,"Intermittent Fasting for Longevity: The Evidence-Based Guide | Longevity Intel","A comprehensive review of intermittent fasting protocols for longevity — separating hype from evidence, optimising for your biology, and avoiding the common mistakes.","https://thelongevityintel.com/protocols/intermittent-fasting-longevity-guide",1,1288,"out\\protocols\\intermittent-fasting-longevity-guide.html"
"/recovery/platinumled-biomax-300-review",200,"PlatinumLED BioMax 300 Review: Best Small Red Light Panel for Face and Joints | Longevity Intel","The BioMax 300 packs 5 therapeutic wavelengths into a compact panel perfect for facial red light therapy and targeted joint treatment. Our full test results.","https://thelongevityintel.com/recovery/platinumled-biomax-300-review",1,2445,"out\\recovery\\platinumled-biomax-300-review.html"
"/recovery/hyperice-hypervolt-2-pro-review",200,"Hyperice Hypervolt 2 Pro Review: The Quietest Premium Massage Gun | Longevity Intel","The Hypervolt 2 Pro operates at 55 dB — barely above a conversation — while delivering serious percussive therapy with a pressure sensor and excellent ergonomics. Our full 4-month test.","https://thelongevityintel.com/recovery/hyperice-hypervolt-2-pro-review",1,1846,"out\\recovery\\hyperice-hypervolt-2-pro-review.html"
"/recovery/best-massage-guns-percussive-therapy",200,"Best Massage Guns of 2024: Theragun vs Hypervolt vs Budget Picks | Longevity Intel","Percussive therapy devices have become standard recovery tools. We tested 8 devices for stall force, amplitude, noise, and battery life to find the best for each budget.","https://thelongevityintel.com/recovery/best-massage-guns-percussive-therapy",1,952,"out\\recovery\\best-massage-guns-percussive-therapy.html"
"/protocols/bryan-johnson",200,"Bryan Johnson&#x27;s Blueprint Protocol (2025) | Longevity Intel","The most extensively documented longevity protocol in history. Bryan Johnson spends ~$2M/year attempting to reverse biological aging with a 100+ compound daily stack, strict noon cutoff diet, and a team of 30+ physicians.","https://thelongevityintel.com/protocols/bryan-johnson",1,2883,"out\\protocols\\bryan-johnson.html"
"/protocols/andrew-huberman",200,"Dr. Andrew Huberman&#x27;s Supplement Protocol (2025) | Longevity Intel","Stanford neuroscientist Andrew Huberman&#x27;s complete supplement stack — from his AG1 morning foundation and sleep stack to his testosterone support protocol and cognitive performance compounds.","https://thelongevityintel.com/protocols/andrew-huberman",1,1224,"out\\protocols\\andrew-huberman.html"
"/protocols/david-sinclair",200,"David Sinclair&#x27;s Longevity Protocol (2025) | Longevity Intel","Harvard genetics professor David Sinclair&#x27;s evolving supplement stack — updated with his June 2025 interview data. NMN, resveratrol, fisetin (kept), quercetin (dropped), berberine replacing metformin, and new additions.","https://thelongevityintel.com/protocols/david-sinclair",1,1253,"out\\protocols\\david-sinclair.html"
"/database/nmn",200,"NMN — Evidence Review | Longevity Intel","A direct NAD+ precursor that restores declining NAD+ levels with age. Strong mechanistic data, growing human trial evidence.","https://thelongevityintel.com/database/nmn",1,207,"out\\database\\nmn.html"
"/database/nr",200,"NR — Evidence Review | Longevity Intel","An alternative NAD+ precursor with more human trial data than NMN. Well-tolerated with strong safety profile.","https://thelongevityintel.com/database/nr",1,190,"out\\database\\nr.html"
"/database/resveratrol",200,"Resveratrol — Evidence Review | Longevity Intel","A polyphenol that activates sirtuins (SIRT1). Famous from David Sinclair&#x27;s research. Human data more mixed than animal studies.","https://thelongevityintel.com/database/resveratrol",1,205,"out\\database\\resveratrol.html"
"/database/omega3",200,"Omega-3 (EPA/DHA) — Evidence Review | Longevity Intel","The best-evidenced longevity supplement. Reduces cardiovascular mortality, systemic inflammation, and supports brain health.","https://thelongevityintel.com/database/omega3",1,203,"out\\database\\omega3.html"
"/database/vitamin-d",200,"Vitamin D3 — Evidence Review | Longevity Intel","Deficiency is endemic (&gt;40% of Western adults) and associated with higher all-cause mortality. Supplementation corrects deficiency effectively.","https://thelongevityintel.com/database/vitamin-d",1,207,"out\\database\\vitamin-d.html"
"/database/magnesium",200,"Magnesium — Evidence Review | Longevity Intel","Required for 300+ enzymatic reactions. Deficiency is common and linked to poor sleep, muscle cramps, and cardiovascular risk.","https://thelongevityintel.com/database/magnesium",1,203,"out\\database\\magnesium.html"
"/database/coq10",200,"CoQ10 — Evidence Review | Longevity Intel","Essential for mitochondrial electron transport chain. Levels decline with age and are depleted by statins. Ubiquinol form has better absorption.","https://thelongevityintel.com/database/coq10",1,200,"out\\database\\coq10.html"
"/database/ashwagandha",200,"Ashwagandha — Evidence Review | Longevity Intel","The best-evidenced adaptogen. Reduces cortisol, improves sleep quality, and supports thyroid function. KSM-66 extract has the best data.","https://thelongevityintel.com/database/ashwagandha",1,204,"out\\database\\ashwagandha.html"
"/database/creatine",200,"Creatine — Evidence Review | Longevity Intel","The most evidence-backed performance supplement. Increasingly recognised for cognitive benefits and longevity effects beyond muscle.","https://thelongevityintel.com/database/creatine",1,202,"out\\database\\creatine.html"
"/database/berberine",200,"Berberine — Evidence Review | Longevity Intel","Often called &quot;natural metformin&quot;. Activates AMPK, improves insulin sensitivity, and has demonstrated cardiovascular benefits in multiple RCTs.","https://thelongevityintel.com/database/berberine",1,203,"out\\database\\berberine.html"
"/database/quercetin",200,"Quercetin — Evidence Review | Longevity Intel","A senolytic flavonoid that clears senescent (&quot;zombie&quot;) cells. Typically used in pulsed protocols rather than daily. Often stacked with dasatinib (Rx).","https://thelongevityintel.com/database/quercetin",1,205,"out\\database\\quercetin.html"
"/database/tmg",200,"TMG — Evidence Review | Longevity Intel","A methyl donor that counteracts the methylation depletion caused by NMN/NR supplementation. Often recommended to stack with NAD+ precursors.","https://thelongevityintel.com/database/tmg",1,195,"out\\database\\tmg.html"
